infinitif,temps,personne,forme,exemple_fr,niveau
etre,present,je,suis,je suis ce verbe (etre) au present.,A1
etre,present,tu,es,tu es ce verbe (etre) au present.,A1
etre,present,il/elle,est,il/elle est ce verbe (etre) au present.,A1
etre,present,nous,sommes,nous sommes ce verbe (etre) au present.,A1
etre,present,vous,etes,vous etes ce verbe (etre) au present.,A1
etre,present,ils/elles,sont,ils/elles sont ce verbe (etre) au present.,A1
etre,imparfait,je,etais,je etais ce verbe (etre) au imparfait.,A2
etre,imparfait,tu,etais,tu etais ce verbe (etre) au imparfait.,A2
etre,imparfait,il/elle,etait,il/elle etait ce verbe (etre) au imparfait.,A2
etre,imparfait,nous,etions,nous etions ce verbe (etre) au imparfait.,A2
etre,imparfait,vous,etiez,vous etiez ce verbe (etre) au imparfait.,A2
etre,imparfait,ils/elles,etaient,ils/elles etaient ce verbe (etre) au imparfait.,A2
etre,futur simple,je,serai,je serai ce verbe (etre) au futur simple.,A2
etre,futur simple,tu,seras,tu seras ce verbe (etre) au futur simple.,A2
etre,futur simple,il/elle,sera,il/elle sera ce verbe (etre) au futur simple.,A2
etre,futur simple,nous,serons,nous serons ce verbe (etre) au futur simple.,A2
etre,futur simple,vous,serez,vous serez ce verbe (etre) au futur simple.,A2
etre,futur simple,ils/elles,seront,ils/elles seront ce verbe (etre) au futur simple.,A2
etre,conditionnel present,je,serais,je serais ce verbe (etre) au conditionnel present.,B1
etre,conditionnel present,tu,serais,tu serais ce verbe (etre) au conditionnel present.,B1
etre,conditionnel present,il/elle,serait,il/elle serait ce verbe (etre) au conditionnel present.,B1
etre,conditionnel present,nous,serions,nous serions ce verbe (etre) au conditionnel present.,B1
etre,conditionnel present,vous,seriez,vous seriez ce verbe (etre) au conditionnel present.,B1
etre,conditionnel present,ils/elles,seraient,ils/elles seraient ce verbe (etre) au conditionnel present.,B1
avoir,present,je,ai,je ai ce verbe (avoir) au present.,A1
avoir,present,tu,as,tu as ce verbe (avoir) au present.,A1
avoir,present,il/elle,a,il/elle a ce verbe (avoir) au present.,A1
avoir,present,nous,avons,nous avons ce verbe (avoir) au present.,A1
avoir,present,vous,avez,vous avez ce verbe (avoir) au present.,A1
avoir,present,ils/elles,ont,ils/elles ont ce verbe (avoir) au present.,A1
avoir,imparfait,je,avais,je avais ce verbe (avoir) au imparfait.,A2
avoir,imparfait,tu,avais,tu avais ce verbe (avoir) au imparfait.,A2
avoir,imparfait,il/elle,avait,il/elle avait ce verbe (avoir) au imparfait.,A2
avoir,imparfait,nous,avions,nous avions ce verbe (avoir) au imparfait.,A2
avoir,imparfait,vous,aviez,vous aviez ce verbe (avoir) au imparfait.,A2
avoir,imparfait,ils/elles,avaient,ils/elles avaient ce verbe (avoir) au imparfait.,A2
avoir,futur simple,je,aurai,je aurai ce verbe (avoir) au futur simple.,A2
avoir,futur simple,tu,auras,tu auras ce verbe (avoir) au futur simple.,A2
avoir,futur simple,il/elle,aura,il/elle aura ce verbe (avoir) au futur simple.,A2
avoir,futur simple,nous,aurons,nous aurons ce verbe (avoir) au futur simple.,A2
avoir,futur simple,vous,aurez,vous aurez ce verbe (avoir) au futur simple.,A2
avoir,futur simple,ils/elles,auront,ils/elles auront ce verbe (avoir) au futur simple.,A2
avoir,conditionnel present,je,aurais,je aurais ce verbe (avoir) au conditionnel present.,B1
avoir,conditionnel present,tu,aurais,tu aurais ce verbe (avoir) au conditionnel present.,B1
avoir,conditionnel present,il/elle,aurait,il/elle aurait ce verbe (avoir) au conditionnel present.,B1
avoir,conditionnel present,nous,aurions,nous aurions ce verbe (avoir) au conditionnel present.,B1
avoir,conditionnel present,vous,auriez,vous auriez ce verbe (avoir) au conditionnel present.,B1
avoir,conditionnel present,ils/elles,auraient,ils/elles auraient ce verbe (avoir) au conditionnel present.,B1
aller,present,je,vais,je vais ce verbe (aller) au present.,A1
aller,present,tu,vas,tu vas ce verbe (aller) au present.,A1
aller,present,il/elle,va,il/elle va ce verbe (aller) au present.,A1
aller,present,nous,allons,nous allons ce verbe (aller) au present.,A1
aller,present,vous,allez,vous allez ce verbe (aller) au present.,A1
aller,present,ils/elles,vont,ils/elles vont ce verbe (aller) au present.,A1
aller,imparfait,je,allais,je allais ce verbe (aller) au imparfait.,A2
aller,imparfait,tu,allais,tu allais ce verbe (aller) au imparfait.,A2
aller,imparfait,il/elle,allait,il/elle allait ce verbe (aller) au imparfait.,A2
aller,imparfait,nous,allions,nous allions ce verbe (aller) au imparfait.,A2
aller,imparfait,vous,alliez,vous alliez ce verbe (aller) au imparfait.,A2
aller,imparfait,ils/elles,allaient,ils/elles allaient ce verbe (aller) au imparfait.,A2
aller,futur simple,je,irai,je irai ce verbe (aller) au futur simple.,A2
aller,futur simple,tu,iras,tu iras ce verbe (aller) au futur simple.,A2
aller,futur simple,il/elle,ira,il/elle ira ce verbe (aller) au futur simple.,A2
aller,futur simple,nous,irons,nous irons ce verbe (aller) au futur simple.,A2
aller,futur simple,vous,irez,vous irez ce verbe (aller) au futur simple.,A2
aller,futur simple,ils/elles,iront,ils/elles iront ce verbe (aller) au futur simple.,A2
aller,conditionnel present,je,irais,je irais ce verbe (aller) au conditionnel present.,B1
aller,conditionnel present,tu,irais,tu irais ce verbe (aller) au conditionnel present.,B1
aller,conditionnel present,il/elle,irait,il/elle irait ce verbe (aller) au conditionnel present.,B1
aller,conditionnel present,nous,irions,nous irions ce verbe (aller) au conditionnel present.,B1
aller,conditionnel present,vous,iriez,vous iriez ce verbe (aller) au conditionnel present.,B1
aller,conditionnel present,ils/elles,iraient,ils/elles iraient ce verbe (aller) au conditionnel present.,B1
faire,present,je,fais,je fais ce verbe (faire) au present.,A1
faire,present,tu,fais,tu fais ce verbe (faire) au present.,A1
faire,present,il/elle,fait,il/elle fait ce verbe (faire) au present.,A1
faire,present,nous,faisons,nous faisons ce verbe (faire) au present.,A1
faire,present,vous,faites,vous faites ce verbe (faire) au present.,A1
faire,present,ils/elles,font,ils/elles font ce verbe (faire) au present.,A1
faire,imparfait,je,faisais,je faisais ce verbe (faire) au imparfait.,A2
faire,imparfait,tu,faisais,tu faisais ce verbe (faire) au imparfait.,A2
faire,imparfait,il/elle,faisait,il/elle faisait ce verbe (faire) au imparfait.,A2
faire,imparfait,nous,faisions,nous faisions ce verbe (faire) au imparfait.,A2
faire,imparfait,vous,faisiez,vous faisiez ce verbe (faire) au imparfait.,A2
faire,imparfait,ils/elles,faisaient,ils/elles faisaient ce verbe (faire) au imparfait.,A2
faire,futur simple,je,ferai,je ferai ce verbe (faire) au futur simple.,A2
faire,futur simple,tu,feras,tu feras ce verbe (faire) au futur simple.,A2
faire,futur simple,il/elle,fera,il/elle fera ce verbe (faire) au futur simple.,A2
faire,futur simple,nous,ferons,nous ferons ce verbe (faire) au futur simple.,A2
faire,futur simple,vous,ferez,vous ferez ce verbe (faire) au futur simple.,A2
faire,futur simple,ils/elles,feront,ils/elles feront ce verbe (faire) au futur simple.,A2
faire,conditionnel present,je,ferais,je ferais ce verbe (faire) au conditionnel present.,B1
faire,conditionnel present,tu,ferais,tu ferais ce verbe (faire) au conditionnel present.,B1
faire,conditionnel present,il/elle,ferait,il/elle ferait ce verbe (faire) au conditionnel present.,B1
faire,conditionnel present,nous,ferions,nous ferions ce verbe (faire) au conditionnel present.,B1
faire,conditionnel present,vous,feriez,vous feriez ce verbe (faire) au conditionnel present.,B1
faire,conditionnel present,ils/elles,feraient,ils/elles feraient ce verbe (faire) au conditionnel present.,B1
prendre,present,je,prends,je prends ce verbe (prendre) au present.,A2
prendre,present,tu,prends,tu prends ce verbe (prendre) au present.,A2
prendre,present,il/elle,prend,il/elle prend ce verbe (prendre) au present.,A2
prendre,present,nous,prenons,nous prenons ce verbe (prendre) au present.,A2
prendre,present,vous,prenez,vous prenez ce verbe (prendre) au present.,A2
prendre,present,ils/elles,prennent,ils/elles prennent ce verbe (prendre) au present.,A2
prendre,imparfait,je,prenais,je prenais ce verbe (prendre) au imparfait.,A2
prendre,imparfait,tu,prenais,tu prenais ce verbe (prendre) au imparfait.,A2
prendre,imparfait,il/elle,prenait,il/elle prenait ce verbe (prendre) au imparfait.,A2
prendre,imparfait,nous,prenions,nous prenions ce verbe (prendre) au imparfait.,A2
prendre,imparfait,vous,preniez,vous preniez ce verbe (prendre) au imparfait.,A2
prendre,imparfait,ils/elles,prenaient,ils/elles prenaient ce verbe (prendre) au imparfait.,A2
prendre,futur simple,je,prendrai,je prendrai ce verbe (prendre) au futur simple.,B1
prendre,futur simple,tu,prendras,tu prendras ce verbe (prendre) au futur simple.,B1
prendre,futur simple,il/elle,prendra,il/elle prendra ce verbe (prendre) au futur simple.,B1
prendre,futur simple,nous,prendrons,nous prendrons ce verbe (prendre) au futur simple.,B1
prendre,futur simple,vous,prendrez,vous prendrez ce verbe (prendre) au futur simple.,B1
prendre,futur simple,ils/elles,prendront,ils/elles prendront ce verbe (prendre) au futur simple.,B1
prendre,conditionnel present,je,prendrais,je prendrais ce verbe (prendre) au conditionnel present.,B1
prendre,conditionnel present,tu,prendrais,tu prendrais ce verbe (prendre) au conditionnel present.,B1
prendre,conditionnel present,il/elle,prendrait,il/elle prendrait ce verbe (prendre) au conditionnel present.,B1
prendre,conditionnel present,nous,prendrions,nous prendrions ce verbe (prendre) au conditionnel present.,B1
prendre,conditionnel present,vous,prendriez,vous prendriez ce verbe (prendre) au conditionnel present.,B1
prendre,conditionnel present,ils/elles,prendraient,ils/elles prendraient ce verbe (prendre) au conditionnel present.,B1
venir,present,je,viens,je viens ce verbe (venir) au present.,A2
venir,present,tu,viens,tu viens ce verbe (venir) au present.,A2
venir,present,il/elle,vient,il/elle vient ce verbe (venir) au present.,A2
venir,present,nous,venons,nous venons ce verbe (venir) au present.,A2
venir,present,vous,venez,vous venez ce verbe (venir) au present.,A2
venir,present,ils/elles,viennent,ils/elles viennent ce verbe (venir) au present.,A2
venir,imparfait,je,venais,je venais ce verbe (venir) au imparfait.,A2
venir,imparfait,tu,venais,tu venais ce verbe (venir) au imparfait.,A2
venir,imparfait,il/elle,venait,il/elle venait ce verbe (venir) au imparfait.,A2
venir,imparfait,nous,venions,nous venions ce verbe (venir) au imparfait.,A2
venir,imparfait,vous,veniez,vous veniez ce verbe (venir) au imparfait.,A2
venir,imparfait,ils/elles,venaient,ils/elles venaient ce verbe (venir) au imparfait.,A2
venir,futur simple,je,viendrai,je viendrai ce verbe (venir) au futur simple.,B1
venir,futur simple,tu,viendras,tu viendras ce verbe (venir) au futur simple.,B1
venir,futur simple,il/elle,viendra,il/elle viendra ce verbe (venir) au futur simple.,B1
venir,futur simple,nous,viendrons,nous viendrons ce verbe (venir) au futur simple.,B1
venir,futur simple,vous,viendrez,vous viendrez ce verbe (venir) au futur simple.,B1
venir,futur simple,ils/elles,viendront,ils/elles viendront ce verbe (venir) au futur simple.,B1
venir,conditionnel present,je,viendrais,je viendrais ce verbe (venir) au conditionnel present.,B1
venir,conditionnel present,tu,viendrais,tu viendrais ce verbe (venir) au conditionnel present.,B1
venir,conditionnel present,il/elle,viendrait,il/elle viendrait ce verbe (venir) au conditionnel present.,B1
venir,conditionnel present,nous,viendrions,nous viendrions ce verbe (venir) au conditionnel present.,B1
venir,conditionnel present,vous,viendriez,vous viendriez ce verbe (venir) au conditionnel present.,B1
venir,conditionnel present,ils/elles,viendraient,ils/elles viendraient ce verbe (venir) au conditionnel present.,B1
pouvoir,present,je,peux,je peux ce verbe (pouvoir) au present.,A2
pouvoir,present,tu,peux,tu peux ce verbe (pouvoir) au present.,A2
pouvoir,present,il/elle,peut,il/elle peut ce verbe (pouvoir) au present.,A2
pouvoir,present,nous,pouvons,nous pouvons ce verbe (pouvoir) au present.,A2
pouvoir,present,vous,pouvez,vous pouvez ce verbe (pouvoir) au present.,A2
pouvoir,present,ils/elles,peuvent,ils/elles peuvent ce verbe (pouvoir) au present.,A2
pouvoir,imparfait,je,pouvais,je pouvais ce verbe (pouvoir) au imparfait.,B1
pouvoir,imparfait,tu,pouvais,tu pouvais ce verbe (pouvoir) au imparfait.,B1
pouvoir,imparfait,il/elle,pouvait,il/elle pouvait ce verbe (pouvoir) au imparfait.,B1
pouvoir,imparfait,nous,pouvions,nous pouvions ce verbe (pouvoir) au imparfait.,B1
pouvoir,imparfait,vous,pouviez,vous pouviez ce verbe (pouvoir) au imparfait.,B1
pouvoir,imparfait,ils/elles,pouvaient,ils/elles pouvaient ce verbe (pouvoir) au imparfait.,B1
pouvoir,futur simple,je,pourrai,je pourrai ce verbe (pouvoir) au futur simple.,B1
pouvoir,futur simple,tu,pourras,tu pourras ce verbe (pouvoir) au futur simple.,B1
pouvoir,futur simple,il/elle,pourra,il/elle pourra ce verbe (pouvoir) au futur simple.,B1
pouvoir,futur simple,nous,pourrons,nous pourrons ce verbe (pouvoir) au futur simple.,B1
pouvoir,futur simple,vous,pourrez,vous pourrez ce verbe (pouvoir) au futur simple.,B1
pouvoir,futur simple,ils/elles,pourront,ils/elles pourront ce verbe (pouvoir) au futur simple.,B1
pouvoir,conditionnel present,je,pourrais,je pourrais ce verbe (pouvoir) au conditionnel present.,B1
pouvoir,conditionnel present,tu,pourrais,tu pourrais ce verbe (pouvoir) au conditionnel present.,B1
pouvoir,conditionnel present,il/elle,pourrait,il/elle pourrait ce verbe (pouvoir) au conditionnel present.,B1
pouvoir,conditionnel present,nous,pourrions,nous pourrions ce verbe (pouvoir) au conditionnel present.,B1
pouvoir,conditionnel present,vous,pourriez,vous pourriez ce verbe (pouvoir) au conditionnel present.,B1
pouvoir,conditionnel present,ils/elles,pourraient,ils/elles pourraient ce verbe (pouvoir) au conditionnel present.,B1
devoir,present,je,dois,je dois ce verbe (devoir) au present.,A2
devoir,present,tu,dois,tu dois ce verbe (devoir) au present.,A2
devoir,present,il/elle,doit,il/elle doit ce verbe (devoir) au present.,A2
devoir,present,nous,devons,nous devons ce verbe (devoir) au present.,A2
devoir,present,vous,devez,vous devez ce verbe (devoir) au present.,A2
devoir,present,ils/elles,doivent,ils/elles doivent ce verbe (devoir) au present.,A2
devoir,imparfait,je,devais,je devais ce verbe (devoir) au imparfait.,B1
devoir,imparfait,tu,devais,tu devais ce verbe (devoir) au imparfait.,B1
devoir,imparfait,il/elle,devait,il/elle devait ce verbe (devoir) au imparfait.,B1
devoir,imparfait,nous,devions,nous devions ce verbe (devoir) au imparfait.,B1
devoir,imparfait,vous,deviez,vous deviez ce verbe (devoir) au imparfait.,B1
devoir,imparfait,ils/elles,devaient,ils/elles devaient ce verbe (devoir) au imparfait.,B1
devoir,futur simple,je,devrai,je devrai ce verbe (devoir) au futur simple.,B1
devoir,futur simple,tu,devras,tu devras ce verbe (devoir) au futur simple.,B1
devoir,futur simple,il/elle,devra,il/elle devra ce verbe (devoir) au futur simple.,B1
devoir,futur simple,nous,devrons,nous devrons ce verbe (devoir) au futur simple.,B1
devoir,futur simple,vous,devrez,vous devrez ce verbe (devoir) au futur simple.,B1
devoir,futur simple,ils/elles,devront,ils/elles devront ce verbe (devoir) au futur simple.,B1
devoir,conditionnel present,je,devrais,je devrais ce verbe (devoir) au conditionnel present.,B1
devoir,conditionnel present,tu,devrais,tu devrais ce verbe (devoir) au conditionnel present.,B1
devoir,conditionnel present,il/elle,devrait,il/elle devrait ce verbe (devoir) au conditionnel present.,B1
devoir,conditionnel present,nous,devrions,nous devrions ce verbe (devoir) au conditionnel present.,B1
devoir,conditionnel present,vous,devriez,vous devriez ce verbe (devoir) au conditionnel present.,B1
devoir,conditionnel present,ils/elles,devraient,ils/elles devraient ce verbe (devoir) au conditionnel present.,B1
etre,subjonctif present,je,sois,je sois ce verbe (etre) au subjonctif present.,B2
etre,subjonctif present,tu,sois,tu sois ce verbe (etre) au subjonctif present.,B2
etre,subjonctif present,il/elle,soit,il/elle soit ce verbe (etre) au subjonctif present.,B2
etre,subjonctif present,nous,soyons,nous soyons ce verbe (etre) au subjonctif present.,B2
etre,subjonctif present,vous,soyez,vous soyez ce verbe (etre) au subjonctif present.,B2
etre,subjonctif present,ils/elles,soient,ils/elles soient ce verbe (etre) au subjonctif present.,B2
etre,passe compose,je,ai ete,je ai ete ce verbe (etre) au passe compose.,A2
etre,passe compose,tu,as ete,tu as ete ce verbe (etre) au passe compose.,A2
etre,passe compose,il/elle,a ete,il/elle a ete ce verbe (etre) au passe compose.,A2
etre,passe compose,nous,avons ete,nous avons ete ce verbe (etre) au passe compose.,A2
etre,passe compose,vous,avez ete,vous avez ete ce verbe (etre) au passe compose.,A2
etre,passe compose,ils/elles,ont ete,ils/elles ont ete ce verbe (etre) au passe compose.,A2
avoir,subjonctif present,je,aie,je aie ce verbe (avoir) au subjonctif present.,B2
avoir,subjonctif present,tu,aies,tu aies ce verbe (avoir) au subjonctif present.,B2
avoir,subjonctif present,il/elle,ait,il/elle ait ce verbe (avoir) au subjonctif present.,B2
avoir,subjonctif present,nous,ayons,nous ayons ce verbe (avoir) au subjonctif present.,B2
avoir,subjonctif present,vous,ayez,vous ayez ce verbe (avoir) au subjonctif present.,B2
avoir,subjonctif present,ils/elles,aient,ils/elles aient ce verbe (avoir) au subjonctif present.,B2
avoir,passe compose,je,ai eu,je ai eu ce verbe (avoir) au passe compose.,A2
avoir,passe compose,tu,as eu,tu as eu ce verbe (avoir) au passe compose.,A2
avoir,passe compose,il/elle,a eu,il/elle a eu ce verbe (avoir) au passe compose.,A2
avoir,passe compose,nous,avons eu,nous avons eu ce verbe (avoir) au passe compose.,A2
avoir,passe compose,vous,avez eu,vous avez eu ce verbe (avoir) au passe compose.,A2
avoir,passe compose,ils/elles,ont eu,ils/elles ont eu ce verbe (avoir) au passe compose.,A2
aller,subjonctif present,je,aille,je aille ce verbe (aller) au subjonctif present.,B2
aller,subjonctif present,tu,ailles,tu ailles ce verbe (aller) au subjonctif present.,B2
aller,subjonctif present,il/elle,aille,il/elle aille ce verbe (aller) au subjonctif present.,B2
aller,subjonctif present,nous,allions,nous allions ce verbe (aller) au subjonctif present.,B2
aller,subjonctif present,vous,alliez,vous alliez ce verbe (aller) au subjonctif present.,B2
aller,subjonctif present,ils/elles,aillent,ils/elles aillent ce verbe (aller) au subjonctif present.,B2
aller,passe compose,je,suis alle,je suis alle ce verbe (aller) au passe compose.,A2
aller,passe compose,tu,es alle,tu es alle ce verbe (aller) au passe compose.,A2
aller,passe compose,il/elle,est alle,il/elle est alle ce verbe (aller) au passe compose.,A2
aller,passe compose,nous,sommes alles,nous sommes alles ce verbe (aller) au passe compose.,A2
aller,passe compose,vous,etes alles,vous etes alles ce verbe (aller) au passe compose.,A2
aller,passe compose,ils/elles,sont alles,ils/elles sont alles ce verbe (aller) au passe compose.,A2
faire,subjonctif present,je,fasse,je fasse ce verbe (faire) au subjonctif present.,B2
faire,subjonctif present,tu,fasses,tu fasses ce verbe (faire) au subjonctif present.,B2
faire,subjonctif present,il/elle,fasse,il/elle fasse ce verbe (faire) au subjonctif present.,B2
faire,subjonctif present,nous,fassions,nous fassions ce verbe (faire) au subjonctif present.,B2
faire,subjonctif present,vous,fassiez,vous fassiez ce verbe (faire) au subjonctif present.,B2
faire,subjonctif present,ils/elles,fassent,ils/elles fassent ce verbe (faire) au subjonctif present.,B2
faire,passe compose,je,ai fait,je ai fait ce verbe (faire) au passe compose.,A2
faire,passe compose,tu,as fait,tu as fait ce verbe (faire) au passe compose.,A2
faire,passe compose,il/elle,a fait,il/elle a fait ce verbe (faire) au passe compose.,A2
faire,passe compose,nous,avons fait,nous avons fait ce verbe (faire) au passe compose.,A2
faire,passe compose,vous,avez fait,vous avez fait ce verbe (faire) au passe compose.,A2
faire,passe compose,ils/elles,ont fait,ils/elles ont fait ce verbe (faire) au passe compose.,A2
venir,subjonctif present,je,vienne,je vienne ce verbe (venir) au subjonctif present.,B2
venir,subjonctif present,tu,viennes,tu viennes ce verbe (venir) au subjonctif present.,B2
venir,subjonctif present,il/elle,vienne,il/elle vienne ce verbe (venir) au subjonctif present.,B2
venir,subjonctif present,nous,venions,nous venions ce verbe (venir) au subjonctif present.,B2
venir,subjonctif present,vous,veniez,vous veniez ce verbe (venir) au subjonctif present.,B2
venir,subjonctif present,ils/elles,viennent,ils/elles viennent ce verbe (venir) au subjonctif present.,B2
venir,passe compose,je,suis venu,je suis venu ce verbe (venir) au passe compose.,A2
venir,passe compose,tu,es venu,tu es venu ce verbe (venir) au passe compose.,A2
venir,passe compose,il/elle,est venu,il/elle est venu ce verbe (venir) au passe compose.,A2
venir,passe compose,nous,sommes venus,nous sommes venus ce verbe (venir) au passe compose.,A2
venir,passe compose,vous,etes venus,vous etes venus ce verbe (venir) au passe compose.,A2
venir,passe compose,ils/elles,sont venus,ils/elles sont venus ce verbe (venir) au passe compose.,A2
pouvoir,subjonctif present,je,puisse,je puisse ce verbe (pouvoir) au subjonctif present.,B2
pouvoir,subjonctif present,tu,puisses,tu puisses ce verbe (pouvoir) au subjonctif present.,B2
pouvoir,subjonctif present,il/elle,puisse,il/elle puisse ce verbe (pouvoir) au subjonctif present.,B2
pouvoir,subjonctif present,nous,puissions,nous puissions ce verbe (pouvoir) au subjonctif present.,B2
pouvoir,subjonctif present,vous,puissiez,vous puissiez ce verbe (pouvoir) au subjonctif present.,B2
pouvoir,subjonctif present,ils/elles,puissent,ils/elles puissent ce verbe (pouvoir) au subjonctif present.,B2
pouvoir,passe compose,je,ai pu,je ai pu ce verbe (pouvoir) au passe compose.,A2
pouvoir,passe compose,tu,as pu,tu as pu ce verbe (pouvoir) au passe compose.,A2
pouvoir,passe compose,il/elle,a pu,il/elle a pu ce verbe (pouvoir) au passe compose.,A2
pouvoir,passe compose,nous,avons pu,nous avons pu ce verbe (pouvoir) au passe compose.,A2
pouvoir,passe compose,vous,avez pu,vous avez pu ce verbe (pouvoir) au passe compose.,A2
pouvoir,passe compose,ils/elles,ont pu,ils/elles ont pu ce verbe (pouvoir) au passe compose.,A2
devoir,subjonctif present,je,doive,je doive ce verbe (devoir) au subjonctif present.,B2
devoir,subjonctif present,tu,doives,tu doives ce verbe (devoir) au subjonctif present.,B2
devoir,subjonctif present,il/elle,doive,il/elle doive ce verbe (devoir) au subjonctif present.,B2
devoir,subjonctif present,nous,devions,nous devions ce verbe (devoir) au subjonctif present.,B2
devoir,subjonctif present,vous,deviez,vous deviez ce verbe (devoir) au subjonctif present.,B2
devoir,subjonctif present,ils/elles,doivent,ils/elles doivent ce verbe (devoir) au subjonctif present.,B2
devoir,passe compose,je,ai du,je ai du ce verbe (devoir) au passe compose.,A2
devoir,passe compose,tu,as du,tu as du ce verbe (devoir) au passe compose.,A2
devoir,passe compose,il/elle,a du,il/elle a du ce verbe (devoir) au passe compose.,A2
devoir,passe compose,nous,avons du,nous avons du ce verbe (devoir) au passe compose.,A2
devoir,passe compose,vous,avez du,vous avez du ce verbe (devoir) au passe compose.,A2
devoir,passe compose,ils/elles,ont du,ils/elles ont du ce verbe (devoir) au passe compose.,A2
vouloir,present,je,veux,je veux ce verbe (vouloir) au present.,A2
vouloir,present,tu,veux,tu veux ce verbe (vouloir) au present.,A2
vouloir,present,il/elle,veut,il/elle veut ce verbe (vouloir) au present.,A2
vouloir,present,nous,voulons,nous voulons ce verbe (vouloir) au present.,A2
vouloir,present,vous,voulez,vous voulez ce verbe (vouloir) au present.,A2
vouloir,present,ils/elles,veulent,ils/elles veulent ce verbe (vouloir) au present.,A2
vouloir,imparfait,je,voulais,je voulais ce verbe (vouloir) au imparfait.,B1
vouloir,imparfait,tu,voulais,tu voulais ce verbe (vouloir) au imparfait.,B1
vouloir,imparfait,il/elle,voulait,il/elle voulait ce verbe (vouloir) au imparfait.,B1
vouloir,imparfait,nous,voulions,nous voulions ce verbe (vouloir) au imparfait.,B1
vouloir,imparfait,vous,vouliez,vous vouliez ce verbe (vouloir) au imparfait.,B1
vouloir,imparfait,ils/elles,voulaient,ils/elles voulaient ce verbe (vouloir) au imparfait.,B1
vouloir,futur simple,je,voudrai,je voudrai ce verbe (vouloir) au futur simple.,B1
vouloir,futur simple,tu,voudras,tu voudras ce verbe (vouloir) au futur simple.,B1
vouloir,futur simple,il/elle,voudra,il/elle voudra ce verbe (vouloir) au futur simple.,B1
vouloir,futur simple,nous,voudrons,nous voudrons ce verbe (vouloir) au futur simple.,B1
vouloir,futur simple,vous,voudrez,vous voudrez ce verbe (vouloir) au futur simple.,B1
vouloir,futur simple,ils/elles,voudront,ils/elles voudront ce verbe (vouloir) au futur simple.,B1
vouloir,conditionnel present,je,voudrais,je voudrais ce verbe (vouloir) au conditionnel present.,B1
vouloir,conditionnel present,tu,voudrais,tu voudrais ce verbe (vouloir) au conditionnel present.,B1
vouloir,conditionnel present,il/elle,voudrait,il/elle voudrait ce verbe (vouloir) au conditionnel present.,B1
vouloir,conditionnel present,nous,voudrions,nous voudrions ce verbe (vouloir) au conditionnel present.,B1
vouloir,conditionnel present,vous,voudriez,vous voudriez ce verbe (vouloir) au conditionnel present.,B1
vouloir,conditionnel present,ils/elles,voudraient,ils/elles voudraient ce verbe (vouloir) au conditionnel present.,B1
vouloir,subjonctif present,je,veuille,je veuille ce verbe (vouloir) au subjonctif present.,B2
vouloir,subjonctif present,tu,veuilles,tu veuilles ce verbe (vouloir) au subjonctif present.,B2
vouloir,subjonctif present,il/elle,veuille,il/elle veuille ce verbe (vouloir) au subjonctif present.,B2
vouloir,subjonctif present,nous,voulions,nous voulions ce verbe (vouloir) au subjonctif present.,B2
vouloir,subjonctif present,vous,vouliez,vous vouliez ce verbe (vouloir) au subjonctif present.,B2
vouloir,subjonctif present,ils/elles,veuillent,ils/elles veuillent ce verbe (vouloir) au subjonctif present.,B2
vouloir,passe compose,je,ai voulu,je ai voulu ce verbe (vouloir) au passe compose.,A2
vouloir,passe compose,tu,as voulu,tu as voulu ce verbe (vouloir) au passe compose.,A2
vouloir,passe compose,il/elle,a voulu,il/elle a voulu ce verbe (vouloir) au passe compose.,A2
vouloir,passe compose,nous,avons voulu,nous avons voulu ce verbe (vouloir) au passe compose.,A2
vouloir,passe compose,vous,avez voulu,vous avez voulu ce verbe (vouloir) au passe compose.,A2
vouloir,passe compose,ils/elles,ont voulu,ils/elles ont voulu ce verbe (vouloir) au passe compose.,A2
prendre,subjonctif present,je,prenne,je prenne ce verbe (prendre) au subjonctif present.,B2
prendre,subjonctif present,tu,prennes,tu prennes ce verbe (prendre) au subjonctif present.,B2
prendre,subjonctif present,il/elle,prenne,il/elle prenne ce verbe (prendre) au subjonctif present.,B2
prendre,subjonctif present,nous,prenions,nous prenions ce verbe (prendre) au subjonctif present.,B2
prendre,subjonctif present,vous,preniez,vous preniez ce verbe (prendre) au subjonctif present.,B2
prendre,subjonctif present,ils/elles,prennent,ils/elles prennent ce verbe (prendre) au subjonctif present.,B2
prendre,passe compose,je,ai pris,je ai pris ce verbe (prendre) au passe compose.,A2
prendre,passe compose,tu,as pris,tu as pris ce verbe (prendre) au passe compose.,A2
prendre,passe compose,il/elle,a pris,il/elle a pris ce verbe (prendre) au passe compose.,A2
prendre,passe compose,nous,avons pris,nous avons pris ce verbe (prendre) au passe compose.,A2
prendre,passe compose,vous,avez pris,vous avez pris ce verbe (prendre) au passe compose.,A2
prendre,passe compose,ils/elles,ont pris,ils/elles ont pris ce verbe (prendre) au passe compose.,A2
savoir,present,je,sais,je sais ce verbe (savoir) au present.,A2
savoir,present,tu,sais,tu sais ce verbe (savoir) au present.,A2
savoir,present,il/elle,sait,il/elle sait ce verbe (savoir) au present.,A2
savoir,present,nous,savons,nous savons ce verbe (savoir) au present.,A2
savoir,present,vous,savez,vous savez ce verbe (savoir) au present.,A2
savoir,present,ils/elles,savent,ils/elles savent ce verbe (savoir) au present.,A2
savoir,imparfait,je,savais,je savais ce verbe (savoir) au imparfait.,B1
savoir,imparfait,tu,savais,tu savais ce verbe (savoir) au imparfait.,B1
savoir,imparfait,il/elle,savait,il/elle savait ce verbe (savoir) au imparfait.,B1
savoir,imparfait,nous,savions,nous savions ce verbe (savoir) au imparfait.,B1
savoir,imparfait,vous,saviez,vous saviez ce verbe (savoir) au imparfait.,B1
savoir,imparfait,ils/elles,savaient,ils/elles savaient ce verbe (savoir) au imparfait.,B1
savoir,futur simple,je,saurai,je saurai ce verbe (savoir) au futur simple.,B1
savoir,futur simple,tu,sauras,tu sauras ce verbe (savoir) au futur simple.,B1
savoir,futur simple,il/elle,saura,il/elle saura ce verbe (savoir) au futur simple.,B1
savoir,futur simple,nous,saurons,nous saurons ce verbe (savoir) au futur simple.,B1
savoir,futur simple,vous,saurez,vous saurez ce verbe (savoir) au futur simple.,B1
savoir,futur simple,ils/elles,sauront,ils/elles sauront ce verbe (savoir) au futur simple.,B1
savoir,conditionnel present,je,saurais,je saurais ce verbe (savoir) au conditionnel present.,B1
savoir,conditionnel present,tu,saurais,tu saurais ce verbe (savoir) au conditionnel present.,B1
savoir,conditionnel present,il/elle,saurait,il/elle saurait ce verbe (savoir) au conditionnel present.,B1
savoir,conditionnel present,nous,saurions,nous saurions ce verbe (savoir) au conditionnel present.,B1
savoir,conditionnel present,vous,sauriez,vous sauriez ce verbe (savoir) au conditionnel present.,B1
savoir,conditionnel present,ils/elles,sauraient,ils/elles sauraient ce verbe (savoir) au conditionnel present.,B1
savoir,subjonctif present,je,sache,je sache ce verbe (savoir) au subjonctif present.,B2
savoir,subjonctif present,tu,saches,tu saches ce verbe (savoir) au subjonctif present.,B2
savoir,subjonctif present,il/elle,sache,il/elle sache ce verbe (savoir) au subjonctif present.,B2
savoir,subjonctif present,nous,sachions,nous sachions ce verbe (savoir) au subjonctif present.,B2
savoir,subjonctif present,vous,sachiez,vous sachiez ce verbe (savoir) au subjonctif present.,B2
savoir,subjonctif present,ils/elles,sachent,ils/elles sachent ce verbe (savoir) au subjonctif present.,B2
savoir,passe compose,je,ai su,je ai su ce verbe (savoir) au passe compose.,A2
savoir,passe compose,tu,as su,tu as su ce verbe (savoir) au passe compose.,A2
savoir,passe compose,il/elle,a su,il/elle a su ce verbe (savoir) au passe compose.,A2
savoir,passe compose,nous,avons su,nous avons su ce verbe (savoir) au passe compose.,A2
savoir,passe compose,vous,avez su,vous avez su ce verbe (savoir) au passe compose.,A2
savoir,passe compose,ils/elles,ont su,ils/elles ont su ce verbe (savoir) au passe compose.,A2
parler,present,je,parle,je parle ce verbe (parler) au present.,A1
parler,present,tu,parles,tu parles ce verbe (parler) au present.,A1
parler,present,il/elle,parle,il/elle parle ce verbe (parler) au present.,A1
parler,present,nous,parlons,nous parlons ce verbe (parler) au present.,A1
parler,present,vous,parlez,vous parlez ce verbe (parler) au present.,A1
parler,present,ils/elles,parlent,ils/elles parlent ce verbe (parler) au present.,A1
parler,imparfait,je,parlais,je parlais ce verbe (parler) au imparfait.,A2
parler,imparfait,tu,parlais,tu parlais ce verbe (parler) au imparfait.,A2
parler,imparfait,il/elle,parlait,il/elle parlait ce verbe (parler) au imparfait.,A2
parler,imparfait,nous,parlions,nous parlions ce verbe (parler) au imparfait.,A2
parler,imparfait,vous,parliez,vous parliez ce verbe (parler) au imparfait.,A2
parler,imparfait,ils/elles,parlaient,ils/elles parlaient ce verbe (parler) au imparfait.,A2
parler,futur simple,je,parlerai,je parlerai ce verbe (parler) au futur simple.,A2
parler,futur simple,tu,parleras,tu parleras ce verbe (parler) au futur simple.,A2
parler,futur simple,il/elle,parlera,il/elle parlera ce verbe (parler) au futur simple.,A2
parler,futur simple,nous,parlerons,nous parlerons ce verbe (parler) au futur simple.,A2
parler,futur simple,vous,parlerez,vous parlerez ce verbe (parler) au futur simple.,A2
parler,futur simple,ils/elles,parleront,ils/elles parleront ce verbe (parler) au futur simple.,A2
parler,conditionnel present,je,parlerais,je parlerais ce verbe (parler) au conditionnel present.,B1
parler,conditionnel present,tu,parlerais,tu parlerais ce verbe (parler) au conditionnel present.,B1
parler,conditionnel present,il/elle,parlerait,il/elle parlerait ce verbe (parler) au conditionnel present.,B1
parler,conditionnel present,nous,parlerions,nous parlerions ce verbe (parler) au conditionnel present.,B1
parler,conditionnel present,vous,parleriez,vous parleriez ce verbe (parler) au conditionnel present.,B1
parler,conditionnel present,ils/elles,parleraient,ils/elles parleraient ce verbe (parler) au conditionnel present.,B1
parler,subjonctif present,je,parle,je parle ce verbe (parler) au subjonctif present.,B2
parler,subjonctif present,tu,parles,tu parles ce verbe (parler) au subjonctif present.,B2
parler,subjonctif present,il/elle,parle,il/elle parle ce verbe (parler) au subjonctif present.,B2
parler,subjonctif present,nous,parlions,nous parlions ce verbe (parler) au subjonctif present.,B2
parler,subjonctif present,vous,parliez,vous parliez ce verbe (parler) au subjonctif present.,B2
parler,subjonctif present,ils/elles,parlent,ils/elles parlent ce verbe (parler) au subjonctif present.,B2
parler,passe compose,je,ai parle,je ai parle ce verbe (parler) au passe compose.,A2
parler,passe compose,tu,as parle,tu as parle ce verbe (parler) au passe compose.,A2
parler,passe compose,il/elle,a parle,il/elle a parle ce verbe (parler) au passe compose.,A2
parler,passe compose,nous,avons parle,nous avons parle ce verbe (parler) au passe compose.,A2
parler,passe compose,vous,avez parle,vous avez parle ce verbe (parler) au passe compose.,A2
parler,passe compose,ils/elles,ont parle,ils/elles ont parle ce verbe (parler) au passe compose.,A2
travailler,present,je,travaille,je travaille ce verbe (travailler) au present.,A1
travailler,present,tu,travailles,tu travailles ce verbe (travailler) au present.,A1
travailler,present,il/elle,travaille,il/elle travaille ce verbe (travailler) au present.,A1
travailler,present,nous,travaillons,nous travaillons ce verbe (travailler) au present.,A1
travailler,present,vous,travaillez,vous travaillez ce verbe (travailler) au present.,A1
travailler,present,ils/elles,travaillent,ils/elles travaillent ce verbe (travailler) au present.,A1
travailler,imparfait,je,travaillais,je travaillais ce verbe (travailler) au imparfait.,A2
travailler,imparfait,tu,travaillais,tu travaillais ce verbe (travailler) au imparfait.,A2
travailler,imparfait,il/elle,travaillait,il/elle travaillait ce verbe (travailler) au imparfait.,A2
travailler,imparfait,nous,travaillions,nous travaillions ce verbe (travailler) au imparfait.,A2
travailler,imparfait,vous,travailliez,vous travailliez ce verbe (travailler) au imparfait.,A2
travailler,imparfait,ils/elles,travaillaient,ils/elles travaillaient ce verbe (travailler) au imparfait.,A2
travailler,futur simple,je,travaillerai,je travaillerai ce verbe (travailler) au futur simple.,A2
travailler,futur simple,tu,travailleras,tu travailleras ce verbe (travailler) au futur simple.,A2
travailler,futur simple,il/elle,travaillera,il/elle travaillera ce verbe (travailler) au futur simple.,A2
travailler,futur simple,nous,travaillerons,nous travaillerons ce verbe (travailler) au futur simple.,A2
travailler,futur simple,vous,travaillerez,vous travaillerez ce verbe (travailler) au futur simple.,A2
travailler,futur simple,ils/elles,travailleront,ils/elles travailleront ce verbe (travailler) au futur simple.,A2
travailler,conditionnel present,je,travaillerais,je travaillerais ce verbe (travailler) au conditionnel present.,B1
travailler,conditionnel present,tu,travaillerais,tu travaillerais ce verbe (travailler) au conditionnel present.,B1
travailler,conditionnel present,il/elle,travaillerait,il/elle travaillerait ce verbe (travailler) au conditionnel present.,B1
travailler,conditionnel present,nous,travaillerions,nous travaillerions ce verbe (travailler) au conditionnel present.,B1
travailler,conditionnel present,vous,travailleriez,vous travailleriez ce verbe (travailler) au conditionnel present.,B1
travailler,conditionnel present,ils/elles,travailleraient,ils/elles travailleraient ce verbe (travailler) au conditionnel present.,B1
travailler,subjonctif present,je,travaille,je travaille ce verbe (travailler) au subjonctif present.,B2
travailler,subjonctif present,tu,travailles,tu travailles ce verbe (travailler) au subjonctif present.,B2
travailler,subjonctif present,il/elle,travaille,il/elle travaille ce verbe (travailler) au subjonctif present.,B2
travailler,subjonctif present,nous,travaillions,nous travaillions ce verbe (travailler) au subjonctif present.,B2
travailler,subjonctif present,vous,travailliez,vous travailliez ce verbe (travailler) au subjonctif present.,B2
travailler,subjonctif present,ils/elles,travaillent,ils/elles travaillent ce verbe (travailler) au subjonctif present.,B2
travailler,passe compose,je,ai travaille,je ai travaille ce verbe (travailler) au passe compose.,A2
travailler,passe compose,tu,as travaille,tu as travaille ce verbe (travailler) au passe compose.,A2
travailler,passe compose,il/elle,a travaille,il/elle a travaille ce verbe (travailler) au passe compose.,A2
travailler,passe compose,nous,avons travaille,nous avons travaille ce verbe (travailler) au passe compose.,A2
travailler,passe compose,vous,avez travaille,vous avez travaille ce verbe (travailler) au passe compose.,A2
travailler,passe compose,ils/elles,ont travaille,ils/elles ont travaille ce verbe (travailler) au passe compose.,A2
aimer,present,je,aime,je aime ce verbe (aimer) au present.,A1
aimer,present,tu,aimes,tu aimes ce verbe (aimer) au present.,A1
aimer,present,il/elle,aime,il/elle aime ce verbe (aimer) au present.,A1
aimer,present,nous,aimons,nous aimons ce verbe (aimer) au present.,A1
aimer,present,vous,aimez,vous aimez ce verbe (aimer) au present.,A1
aimer,present,ils/elles,aiment,ils/elles aiment ce verbe (aimer) au present.,A1
aimer,imparfait,je,aimais,je aimais ce verbe (aimer) au imparfait.,A2
aimer,imparfait,tu,aimais,tu aimais ce verbe (aimer) au imparfait.,A2
aimer,imparfait,il/elle,aimait,il/elle aimait ce verbe (aimer) au imparfait.,A2
aimer,imparfait,nous,aimions,nous aimions ce verbe (aimer) au imparfait.,A2
aimer,imparfait,vous,aimiez,vous aimiez ce verbe (aimer) au imparfait.,A2
aimer,imparfait,ils/elles,aimaient,ils/elles aimaient ce verbe (aimer) au imparfait.,A2
aimer,futur simple,je,aimerai,je aimerai ce verbe (aimer) au futur simple.,A2
aimer,futur simple,tu,aimeras,tu aimeras ce verbe (aimer) au futur simple.,A2
aimer,futur simple,il/elle,aimera,il/elle aimera ce verbe (aimer) au futur simple.,A2
aimer,futur simple,nous,aimerons,nous aimerons ce verbe (aimer) au futur simple.,A2
aimer,futur simple,vous,aimerez,vous aimerez ce verbe (aimer) au futur simple.,A2
aimer,futur simple,ils/elles,aimeront,ils/elles aimeront ce verbe (aimer) au futur simple.,A2
aimer,conditionnel present,je,aimerais,je aimerais ce verbe (aimer) au conditionnel present.,B1
aimer,conditionnel present,tu,aimerais,tu aimerais ce verbe (aimer) au conditionnel present.,B1
aimer,conditionnel present,il/elle,aimerait,il/elle aimerait ce verbe (aimer) au conditionnel present.,B1
aimer,conditionnel present,nous,aimerions,nous aimerions ce verbe (aimer) au conditionnel present.,B1
aimer,conditionnel present,vous,aimeriez,vous aimeriez ce verbe (aimer) au conditionnel present.,B1
aimer,conditionnel present,ils/elles,aimeraient,ils/elles aimeraient ce verbe (aimer) au conditionnel present.,B1
aimer,subjonctif present,je,aime,je aime ce verbe (aimer) au subjonctif present.,B2
aimer,subjonctif present,tu,aimes,tu aimes ce verbe (aimer) au subjonctif present.,B2
aimer,subjonctif present,il/elle,aime,il/elle aime ce verbe (aimer) au subjonctif present.,B2
aimer,subjonctif present,nous,aimions,nous aimions ce verbe (aimer) au subjonctif present.,B2
aimer,subjonctif present,vous,aimiez,vous aimiez ce verbe (aimer) au subjonctif present.,B2
aimer,subjonctif present,ils/elles,aiment,ils/elles aiment ce verbe (aimer) au subjonctif present.,B2
aimer,passe compose,je,ai aime,je ai aime ce verbe (aimer) au passe compose.,A2
aimer,passe compose,tu,as aime,tu as aime ce verbe (aimer) au passe compose.,A2
aimer,passe compose,il/elle,a aime,il/elle a aime ce verbe (aimer) au passe compose.,A2
aimer,passe compose,nous,avons aime,nous avons aime ce verbe (aimer) au passe compose.,A2
aimer,passe compose,vous,avez aime,vous avez aime ce verbe (aimer) au passe compose.,A2
aimer,passe compose,ils/elles,ont aime,ils/elles ont aime ce verbe (aimer) au passe compose.,A2
etudier,present,je,etudie,je etudie ce verbe (etudier) au present.,A1
etudier,present,tu,etudies,tu etudies ce verbe (etudier) au present.,A1
etudier,present,il/elle,etudie,il/elle etudie ce verbe (etudier) au present.,A1
etudier,present,nous,etudions,nous etudions ce verbe (etudier) au present.,A1
etudier,present,vous,etudiez,vous etudiez ce verbe (etudier) au present.,A1
etudier,present,ils/elles,etudient,ils/elles etudient ce verbe (etudier) au present.,A1
etudier,imparfait,je,etudiais,je etudiais ce verbe (etudier) au imparfait.,A2
etudier,imparfait,tu,etudiais,tu etudiais ce verbe (etudier) au imparfait.,A2
etudier,imparfait,il/elle,etudiait,il/elle etudiait ce verbe (etudier) au imparfait.,A2
etudier,imparfait,nous,etudiions,nous etudiions ce verbe (etudier) au imparfait.,A2
etudier,imparfait,vous,etudiiez,vous etudiiez ce verbe (etudier) au imparfait.,A2
etudier,imparfait,ils/elles,etudiaient,ils/elles etudiaient ce verbe (etudier) au imparfait.,A2
etudier,futur simple,je,etudierai,je etudierai ce verbe (etudier) au futur simple.,A2
etudier,futur simple,tu,etudieras,tu etudieras ce verbe (etudier) au futur simple.,A2
etudier,futur simple,il/elle,etudiera,il/elle etudiera ce verbe (etudier) au futur simple.,A2
etudier,futur simple,nous,etudierons,nous etudierons ce verbe (etudier) au futur simple.,A2
etudier,futur simple,vous,etudierez,vous etudierez ce verbe (etudier) au futur simple.,A2
etudier,futur simple,ils/elles,etudieront,ils/elles etudieront ce verbe (etudier) au futur simple.,A2
etudier,conditionnel present,je,etudierais,je etudierais ce verbe (etudier) au conditionnel present.,B1
etudier,conditionnel present,tu,etudierais,tu etudierais ce verbe (etudier) au conditionnel present.,B1
etudier,conditionnel present,il/elle,etudierait,il/elle etudierait ce verbe (etudier) au conditionnel present.,B1
etudier,conditionnel present,nous,etudierions,nous etudierions ce verbe (etudier) au conditionnel present.,B1
etudier,conditionnel present,vous,etudieriez,vous etudieriez ce verbe (etudier) au conditionnel present.,B1
etudier,conditionnel present,ils/elles,etudieraient,ils/elles etudieraient ce verbe (etudier) au conditionnel present.,B1
etudier,subjonctif present,je,etudie,je etudie ce verbe (etudier) au subjonctif present.,B2
etudier,subjonctif present,tu,etudies,tu etudies ce verbe (etudier) au subjonctif present.,B2
etudier,subjonctif present,il/elle,etudie,il/elle etudie ce verbe (etudier) au subjonctif present.,B2
etudier,subjonctif present,nous,etudiions,nous etudiions ce verbe (etudier) au subjonctif present.,B2
etudier,subjonctif present,vous,etudiiez,vous etudiiez ce verbe (etudier) au subjonctif present.,B2
etudier,subjonctif present,ils/elles,etudient,ils/elles etudient ce verbe (etudier) au subjonctif present.,B2
etudier,passe compose,je,ai etudie,je ai etudie ce verbe (etudier) au passe compose.,A2
etudier,passe compose,tu,as etudie,tu as etudie ce verbe (etudier) au passe compose.,A2
etudier,passe compose,il/elle,a etudie,il/elle a etudie ce verbe (etudier) au passe compose.,A2
etudier,passe compose,nous,avons etudie,nous avons etudie ce verbe (etudier) au passe compose.,A2
etudier,passe compose,vous,avez etudie,vous avez etudie ce verbe (etudier) au passe compose.,A2
etudier,passe compose,ils/elles,ont etudie,ils/elles ont etudie ce verbe (etudier) au passe compose.,A2
jouer,present,je,joue,je joue ce verbe (jouer) au present.,A1
jouer,present,tu,joues,tu joues ce verbe (jouer) au present.,A1
jouer,present,il/elle,joue,il/elle joue ce verbe (jouer) au present.,A1
jouer,present,nous,jouons,nous jouons ce verbe (jouer) au present.,A1
jouer,present,vous,jouez,vous jouez ce verbe (jouer) au present.,A1
jouer,present,ils/elles,jouent,ils/elles jouent ce verbe (jouer) au present.,A1
jouer,imparfait,je,jouais,je jouais ce verbe (jouer) au imparfait.,A2
jouer,imparfait,tu,jouais,tu jouais ce verbe (jouer) au imparfait.,A2
jouer,imparfait,il/elle,jouait,il/elle jouait ce verbe (jouer) au imparfait.,A2
jouer,imparfait,nous,jouions,nous jouions ce verbe (jouer) au imparfait.,A2
jouer,imparfait,vous,jouiez,vous jouiez ce verbe (jouer) au imparfait.,A2
jouer,imparfait,ils/elles,jouaient,ils/elles jouaient ce verbe (jouer) au imparfait.,A2
jouer,futur simple,je,jouerai,je jouerai ce verbe (jouer) au futur simple.,A2
jouer,futur simple,tu,joueras,tu joueras ce verbe (jouer) au futur simple.,A2
jouer,futur simple,il/elle,jouera,il/elle jouera ce verbe (jouer) au futur simple.,A2
jouer,futur simple,nous,jouerons,nous jouerons ce verbe (jouer) au futur simple.,A2
jouer,futur simple,vous,jouerez,vous jouerez ce verbe (jouer) au futur simple.,A2
jouer,futur simple,ils/elles,joueront,ils/elles joueront ce verbe (jouer) au futur simple.,A2
jouer,conditionnel present,je,jouerais,je jouerais ce verbe (jouer) au conditionnel present.,B1
jouer,conditionnel present,tu,jouerais,tu jouerais ce verbe (jouer) au conditionnel present.,B1
jouer,conditionnel present,il/elle,jouerait,il/elle jouerait ce verbe (jouer) au conditionnel present.,B1
jouer,conditionnel present,nous,jouerions,nous jouerions ce verbe (jouer) au conditionnel present.,B1
jouer,conditionnel present,vous,joueriez,vous joueriez ce verbe (jouer) au conditionnel present.,B1
jouer,conditionnel present,ils/elles,joueraient,ils/elles joueraient ce verbe (jouer) au conditionnel present.,B1
jouer,subjonctif present,je,joue,je joue ce verbe (jouer) au subjonctif present.,B2
jouer,subjonctif present,tu,joues,tu joues ce verbe (jouer) au subjonctif present.,B2
jouer,subjonctif present,il/elle,joue,il/elle joue ce verbe (jouer) au subjonctif present.,B2
jouer,subjonctif present,nous,jouions,nous jouions ce verbe (jouer) au subjonctif present.,B2
jouer,subjonctif present,vous,jouiez,vous jouiez ce verbe (jouer) au subjonctif present.,B2
jouer,subjonctif present,ils/elles,jouent,ils/elles jouent ce verbe (jouer) au subjonctif present.,B2
jouer,passe compose,je,ai joue,je ai joue ce verbe (jouer) au passe compose.,A2
jouer,passe compose,tu,as joue,tu as joue ce verbe (jouer) au passe compose.,A2
jouer,passe compose,il/elle,a joue,il/elle a joue ce verbe (jouer) au passe compose.,A2
jouer,passe compose,nous,avons joue,nous avons joue ce verbe (jouer) au passe compose.,A2
jouer,passe compose,vous,avez joue,vous avez joue ce verbe (jouer) au passe compose.,A2
jouer,passe compose,ils/elles,ont joue,ils/elles ont joue ce verbe (jouer) au passe compose.,A2
demander,present,je,demande,je demande ce verbe (demander) au present.,A1
demander,present,tu,demandes,tu demandes ce verbe (demander) au present.,A1
demander,present,il/elle,demande,il/elle demande ce verbe (demander) au present.,A1
demander,present,nous,demandons,nous demandons ce verbe (demander) au present.,A1
demander,present,vous,demandez,vous demandez ce verbe (demander) au present.,A1
demander,present,ils/elles,demandent,ils/elles demandent ce verbe (demander) au present.,A1
demander,imparfait,je,demandais,je demandais ce verbe (demander) au imparfait.,A2
demander,imparfait,tu,demandais,tu demandais ce verbe (demander) au imparfait.,A2
demander,imparfait,il/elle,demandait,il/elle demandait ce verbe (demander) au imparfait.,A2
demander,imparfait,nous,demandions,nous demandions ce verbe (demander) au imparfait.,A2
demander,imparfait,vous,demandiez,vous demandiez ce verbe (demander) au imparfait.,A2
demander,imparfait,ils/elles,demandaient,ils/elles demandaient ce verbe (demander) au imparfait.,A2
demander,futur simple,je,demanderai,je demanderai ce verbe (demander) au futur simple.,A2
demander,futur simple,tu,demanderas,tu demanderas ce verbe (demander) au futur simple.,A2
demander,futur simple,il/elle,demandera,il/elle demandera ce verbe (demander) au futur simple.,A2
demander,futur simple,nous,demanderons,nous demanderons ce verbe (demander) au futur simple.,A2
demander,futur simple,vous,demanderez,vous demanderez ce verbe (demander) au futur simple.,A2
demander,futur simple,ils/elles,demanderont,ils/elles demanderont ce verbe (demander) au futur simple.,A2
demander,conditionnel present,je,demanderais,je demanderais ce verbe (demander) au conditionnel present.,B1
demander,conditionnel present,tu,demanderais,tu demanderais ce verbe (demander) au conditionnel present.,B1
demander,conditionnel present,il/elle,demanderait,il/elle demanderait ce verbe (demander) au conditionnel present.,B1
demander,conditionnel present,nous,demanderions,nous demanderions ce verbe (demander) au conditionnel present.,B1
demander,conditionnel present,vous,demanderiez,vous demanderiez ce verbe (demander) au conditionnel present.,B1
demander,conditionnel present,ils/elles,demanderaient,ils/elles demanderaient ce verbe (demander) au conditionnel present.,B1
demander,subjonctif present,je,demande,je demande ce verbe (demander) au subjonctif present.,B2
demander,subjonctif present,tu,demandes,tu demandes ce verbe (demander) au subjonctif present.,B2
demander,subjonctif present,il/elle,demande,il/elle demande ce verbe (demander) au subjonctif present.,B2
demander,subjonctif present,nous,demandions,nous demandions ce verbe (demander) au subjonctif present.,B2
demander,subjonctif present,vous,demandiez,vous demandiez ce verbe (demander) au subjonctif present.,B2
demander,subjonctif present,ils/elles,demandent,ils/elles demandent ce verbe (demander) au subjonctif present.,B2
demander,passe compose,je,ai demande,je ai demande ce verbe (demander) au passe compose.,A2
demander,passe compose,tu,as demande,tu as demande ce verbe (demander) au passe compose.,A2
demander,passe compose,il/elle,a demande,il/elle a demande ce verbe (demander) au passe compose.,A2
demander,passe compose,nous,avons demande,nous avons demande ce verbe (demander) au passe compose.,A2
demander,passe compose,vous,avez demande,vous avez demande ce verbe (demander) au passe compose.,A2
demander,passe compose,ils/elles,ont demande,ils/elles ont demande ce verbe (demander) au passe compose.,A2
chercher,present,je,cherche,je cherche ce verbe (chercher) au present.,A1
chercher,present,tu,cherches,tu cherches ce verbe (chercher) au present.,A1
chercher,present,il/elle,cherche,il/elle cherche ce verbe (chercher) au present.,A1
chercher,present,nous,cherchons,nous cherchons ce verbe (chercher) au present.,A1
chercher,present,vous,cherchez,vous cherchez ce verbe (chercher) au present.,A1
chercher,present,ils/elles,cherchent,ils/elles cherchent ce verbe (chercher) au present.,A1
chercher,imparfait,je,cherchais,je cherchais ce verbe (chercher) au imparfait.,A2
chercher,imparfait,tu,cherchais,tu cherchais ce verbe (chercher) au imparfait.,A2
chercher,imparfait,il/elle,cherchait,il/elle cherchait ce verbe (chercher) au imparfait.,A2
chercher,imparfait,nous,cherchions,nous cherchions ce verbe (chercher) au imparfait.,A2
chercher,imparfait,vous,cherchiez,vous cherchiez ce verbe (chercher) au imparfait.,A2
chercher,imparfait,ils/elles,cherchaient,ils/elles cherchaient ce verbe (chercher) au imparfait.,A2
chercher,futur simple,je,chercherai,je chercherai ce verbe (chercher) au futur simple.,A2
chercher,futur simple,tu,chercheras,tu chercheras ce verbe (chercher) au futur simple.,A2
chercher,futur simple,il/elle,cherchera,il/elle cherchera ce verbe (chercher) au futur simple.,A2
chercher,futur simple,nous,chercherons,nous chercherons ce verbe (chercher) au futur simple.,A2
chercher,futur simple,vous,chercherez,vous chercherez ce verbe (chercher) au futur simple.,A2
chercher,futur simple,ils/elles,chercheront,ils/elles chercheront ce verbe (chercher) au futur simple.,A2
chercher,conditionnel present,je,chercherais,je chercherais ce verbe (chercher) au conditionnel present.,B1
chercher,conditionnel present,tu,chercherais,tu chercherais ce verbe (chercher) au conditionnel present.,B1
chercher,conditionnel present,il/elle,chercherait,il/elle chercherait ce verbe (chercher) au conditionnel present.,B1
chercher,conditionnel present,nous,chercherions,nous chercherions ce verbe (chercher) au conditionnel present.,B1
chercher,conditionnel present,vous,chercheriez,vous chercheriez ce verbe (chercher) au conditionnel present.,B1
chercher,conditionnel present,ils/elles,chercheraient,ils/elles chercheraient ce verbe (chercher) au conditionnel present.,B1
chercher,subjonctif present,je,cherche,je cherche ce verbe (chercher) au subjonctif present.,B2
chercher,subjonctif present,tu,cherches,tu cherches ce verbe (chercher) au subjonctif present.,B2
chercher,subjonctif present,il/elle,cherche,il/elle cherche ce verbe (chercher) au subjonctif present.,B2
chercher,subjonctif present,nous,cherchions,nous cherchions ce verbe (chercher) au subjonctif present.,B2
chercher,subjonctif present,vous,cherchiez,vous cherchiez ce verbe (chercher) au subjonctif present.,B2
chercher,subjonctif present,ils/elles,cherchent,ils/elles cherchent ce verbe (chercher) au subjonctif present.,B2
chercher,passe compose,je,ai cherche,je ai cherche ce verbe (chercher) au passe compose.,A2
chercher,passe compose,tu,as cherche,tu as cherche ce verbe (chercher) au passe compose.,A2
chercher,passe compose,il/elle,a cherche,il/elle a cherche ce verbe (chercher) au passe compose.,A2
chercher,passe compose,nous,avons cherche,nous avons cherche ce verbe (chercher) au passe compose.,A2
chercher,passe compose,vous,avez cherche,vous avez cherche ce verbe (chercher) au passe compose.,A2
chercher,passe compose,ils/elles,ont cherche,ils/elles ont cherche ce verbe (chercher) au passe compose.,A2
regarder,present,je,regarde,je regarde ce verbe (regarder) au present.,A1
regarder,present,tu,regardes,tu regardes ce verbe (regarder) au present.,A1
regarder,present,il/elle,regarde,il/elle regarde ce verbe (regarder) au present.,A1
regarder,present,nous,regardons,nous regardons ce verbe (regarder) au present.,A1
regarder,present,vous,regardez,vous regardez ce verbe (regarder) au present.,A1
regarder,present,ils/elles,regardent,ils/elles regardent ce verbe (regarder) au present.,A1
regarder,imparfait,je,regardais,je regardais ce verbe (regarder) au imparfait.,A2
regarder,imparfait,tu,regardais,tu regardais ce verbe (regarder) au imparfait.,A2
regarder,imparfait,il/elle,regardait,il/elle regardait ce verbe (regarder) au imparfait.,A2
regarder,imparfait,nous,regardions,nous regardions ce verbe (regarder) au imparfait.,A2
regarder,imparfait,vous,regardiez,vous regardiez ce verbe (regarder) au imparfait.,A2
regarder,imparfait,ils/elles,regardaient,ils/elles regardaient ce verbe (regarder) au imparfait.,A2
regarder,futur simple,je,regarderai,je regarderai ce verbe (regarder) au futur simple.,A2
regarder,futur simple,tu,regarderas,tu regarderas ce verbe (regarder) au futur simple.,A2
regarder,futur simple,il/elle,regardera,il/elle regardera ce verbe (regarder) au futur simple.,A2
regarder,futur simple,nous,regarderons,nous regarderons ce verbe (regarder) au futur simple.,A2
regarder,futur simple,vous,regarderez,vous regarderez ce verbe (regarder) au futur simple.,A2
regarder,futur simple,ils/elles,regarderont,ils/elles regarderont ce verbe (regarder) au futur simple.,A2
regarder,conditionnel present,je,regarderais,je regarderais ce verbe (regarder) au conditionnel present.,B1
regarder,conditionnel present,tu,regarderais,tu regarderais ce verbe (regarder) au conditionnel present.,B1
regarder,conditionnel present,il/elle,regarderait,il/elle regarderait ce verbe (regarder) au conditionnel present.,B1
regarder,conditionnel present,nous,regarderions,nous regarderions ce verbe (regarder) au conditionnel present.,B1
regarder,conditionnel present,vous,regarderiez,vous regarderiez ce verbe (regarder) au conditionnel present.,B1
regarder,conditionnel present,ils/elles,regarderaient,ils/elles regarderaient ce verbe (regarder) au conditionnel present.,B1
regarder,subjonctif present,je,regarde,je regarde ce verbe (regarder) au subjonctif present.,B2
regarder,subjonctif present,tu,regardes,tu regardes ce verbe (regarder) au subjonctif present.,B2
regarder,subjonctif present,il/elle,regarde,il/elle regarde ce verbe (regarder) au subjonctif present.,B2
regarder,subjonctif present,nous,regardions,nous regardions ce verbe (regarder) au subjonctif present.,B2
regarder,subjonctif present,vous,regardiez,vous regardiez ce verbe (regarder) au subjonctif present.,B2
regarder,subjonctif present,ils/elles,regardent,ils/elles regardent ce verbe (regarder) au subjonctif present.,B2
regarder,passe compose,je,ai regarde,je ai regarde ce verbe (regarder) au passe compose.,A2
regarder,passe compose,tu,as regarde,tu as regarde ce verbe (regarder) au passe compose.,A2
regarder,passe compose,il/elle,a regarde,il/elle a regarde ce verbe (regarder) au passe compose.,A2
regarder,passe compose,nous,avons regarde,nous avons regarde ce verbe (regarder) au passe compose.,A2
regarder,passe compose,vous,avez regarde,vous avez regarde ce verbe (regarder) au passe compose.,A2
regarder,passe compose,ils/elles,ont regarde,ils/elles ont regarde ce verbe (regarder) au passe compose.,A2
finir,present,je,finis,je finis ce verbe (finir) au present.,A1
finir,present,tu,finis,tu finis ce verbe (finir) au present.,A1
finir,present,il/elle,finit,il/elle finit ce verbe (finir) au present.,A1
finir,present,nous,finissons,nous finissons ce verbe (finir) au present.,A1
finir,present,vous,finissez,vous finissez ce verbe (finir) au present.,A1
finir,present,ils/elles,finissent,ils/elles finissent ce verbe (finir) au present.,A1
finir,imparfait,je,finissais,je finissais ce verbe (finir) au imparfait.,A2
finir,imparfait,tu,finissais,tu finissais ce verbe (finir) au imparfait.,A2
finir,imparfait,il/elle,finissait,il/elle finissait ce verbe (finir) au imparfait.,A2
finir,imparfait,nous,finissions,nous finissions ce verbe (finir) au imparfait.,A2
finir,imparfait,vous,finissiez,vous finissiez ce verbe (finir) au imparfait.,A2
finir,imparfait,ils/elles,finissaient,ils/elles finissaient ce verbe (finir) au imparfait.,A2
finir,futur simple,je,finirai,je finirai ce verbe (finir) au futur simple.,A2
finir,futur simple,tu,finiras,tu finiras ce verbe (finir) au futur simple.,A2
finir,futur simple,il/elle,finira,il/elle finira ce verbe (finir) au futur simple.,A2
finir,futur simple,nous,finirons,nous finirons ce verbe (finir) au futur simple.,A2
finir,futur simple,vous,finirez,vous finirez ce verbe (finir) au futur simple.,A2
finir,futur simple,ils/elles,finiront,ils/elles finiront ce verbe (finir) au futur simple.,A2
finir,conditionnel present,je,finirais,je finirais ce verbe (finir) au conditionnel present.,B1
finir,conditionnel present,tu,finirais,tu finirais ce verbe (finir) au conditionnel present.,B1
finir,conditionnel present,il/elle,finirait,il/elle finirait ce verbe (finir) au conditionnel present.,B1
finir,conditionnel present,nous,finirions,nous finirions ce verbe (finir) au conditionnel present.,B1
finir,conditionnel present,vous,finiriez,vous finiriez ce verbe (finir) au conditionnel present.,B1
finir,conditionnel present,ils/elles,finiraient,ils/elles finiraient ce verbe (finir) au conditionnel present.,B1
finir,subjonctif present,je,finisse,je finisse ce verbe (finir) au subjonctif present.,B2
finir,subjonctif present,tu,finisses,tu finisses ce verbe (finir) au subjonctif present.,B2
finir,subjonctif present,il/elle,finisse,il/elle finisse ce verbe (finir) au subjonctif present.,B2
finir,subjonctif present,nous,finissions,nous finissions ce verbe (finir) au subjonctif present.,B2
finir,subjonctif present,vous,finissiez,vous finissiez ce verbe (finir) au subjonctif present.,B2
finir,subjonctif present,ils/elles,finissent,ils/elles finissent ce verbe (finir) au subjonctif present.,B2
finir,passe compose,je,ai fini,je ai fini ce verbe (finir) au passe compose.,A2
finir,passe compose,tu,as fini,tu as fini ce verbe (finir) au passe compose.,A2
finir,passe compose,il/elle,a fini,il/elle a fini ce verbe (finir) au passe compose.,A2
finir,passe compose,nous,avons fini,nous avons fini ce verbe (finir) au passe compose.,A2
finir,passe compose,vous,avez fini,vous avez fini ce verbe (finir) au passe compose.,A2
finir,passe compose,ils/elles,ont fini,ils/elles ont fini ce verbe (finir) au passe compose.,A2
choisir,present,je,choisis,je choisis ce verbe (choisir) au present.,A1
choisir,present,tu,choisis,tu choisis ce verbe (choisir) au present.,A1
choisir,present,il/elle,choisit,il/elle choisit ce verbe (choisir) au present.,A1
choisir,present,nous,choisissons,nous choisissons ce verbe (choisir) au present.,A1
choisir,present,vous,choisissez,vous choisissez ce verbe (choisir) au present.,A1
choisir,present,ils/elles,choisissent,ils/elles choisissent ce verbe (choisir) au present.,A1
choisir,imparfait,je,choisissais,je choisissais ce verbe (choisir) au imparfait.,A2
choisir,imparfait,tu,choisissais,tu choisissais ce verbe (choisir) au imparfait.,A2
choisir,imparfait,il/elle,choisissait,il/elle choisissait ce verbe (choisir) au imparfait.,A2
choisir,imparfait,nous,choisissions,nous choisissions ce verbe (choisir) au imparfait.,A2
choisir,imparfait,vous,choisissiez,vous choisissiez ce verbe (choisir) au imparfait.,A2
choisir,imparfait,ils/elles,choisissaient,ils/elles choisissaient ce verbe (choisir) au imparfait.,A2
choisir,futur simple,je,choisirai,je choisirai ce verbe (choisir) au futur simple.,A2
choisir,futur simple,tu,choisiras,tu choisiras ce verbe (choisir) au futur simple.,A2
choisir,futur simple,il/elle,choisira,il/elle choisira ce verbe (choisir) au futur simple.,A2
choisir,futur simple,nous,choisirons,nous choisirons ce verbe (choisir) au futur simple.,A2
choisir,futur simple,vous,choisirez,vous choisirez ce verbe (choisir) au futur simple.,A2
choisir,futur simple,ils/elles,choisiront,ils/elles choisiront ce verbe (choisir) au futur simple.,A2
choisir,conditionnel present,je,choisirais,je choisirais ce verbe (choisir) au conditionnel present.,B1
choisir,conditionnel present,tu,choisirais,tu choisirais ce verbe (choisir) au conditionnel present.,B1
choisir,conditionnel present,il/elle,choisirait,il/elle choisirait ce verbe (choisir) au conditionnel present.,B1
choisir,conditionnel present,nous,choisirions,nous choisirions ce verbe (choisir) au conditionnel present.,B1
choisir,conditionnel present,vous,choisiriez,vous choisiriez ce verbe (choisir) au conditionnel present.,B1
choisir,conditionnel present,ils/elles,choisiraient,ils/elles choisiraient ce verbe (choisir) au conditionnel present.,B1
choisir,subjonctif present,je,choisisse,je choisisse ce verbe (choisir) au subjonctif present.,B2
choisir,subjonctif present,tu,choisisses,tu choisisses ce verbe (choisir) au subjonctif present.,B2
choisir,subjonctif present,il/elle,choisisse,il/elle choisisse ce verbe (choisir) au subjonctif present.,B2
choisir,subjonctif present,nous,choisissions,nous choisissions ce verbe (choisir) au subjonctif present.,B2
choisir,subjonctif present,vous,choisissiez,vous choisissiez ce verbe (choisir) au subjonctif present.,B2
choisir,subjonctif present,ils/elles,choisissent,ils/elles choisissent ce verbe (choisir) au subjonctif present.,B2
choisir,passe compose,je,ai choisi,je ai choisi ce verbe (choisir) au passe compose.,A2
choisir,passe compose,tu,as choisi,tu as choisi ce verbe (choisir) au passe compose.,A2
choisir,passe compose,il/elle,a choisi,il/elle a choisi ce verbe (choisir) au passe compose.,A2
choisir,passe compose,nous,avons choisi,nous avons choisi ce verbe (choisir) au passe compose.,A2
choisir,passe compose,vous,avez choisi,vous avez choisi ce verbe (choisir) au passe compose.,A2
choisir,passe compose,ils/elles,ont choisi,ils/elles ont choisi ce verbe (choisir) au passe compose.,A2
grandir,present,je,grandis,je grandis ce verbe (grandir) au present.,A1
grandir,present,tu,grandis,tu grandis ce verbe (grandir) au present.,A1
grandir,present,il/elle,grandit,il/elle grandit ce verbe (grandir) au present.,A1
grandir,present,nous,grandissons,nous grandissons ce verbe (grandir) au present.,A1
grandir,present,vous,grandissez,vous grandissez ce verbe (grandir) au present.,A1
grandir,present,ils/elles,grandissent,ils/elles grandissent ce verbe (grandir) au present.,A1
grandir,imparfait,je,grandissais,je grandissais ce verbe (grandir) au imparfait.,A2
grandir,imparfait,tu,grandissais,tu grandissais ce verbe (grandir) au imparfait.,A2
grandir,imparfait,il/elle,grandissait,il/elle grandissait ce verbe (grandir) au imparfait.,A2
grandir,imparfait,nous,grandissions,nous grandissions ce verbe (grandir) au imparfait.,A2
grandir,imparfait,vous,grandissiez,vous grandissiez ce verbe (grandir) au imparfait.,A2
grandir,imparfait,ils/elles,grandissaient,ils/elles grandissaient ce verbe (grandir) au imparfait.,A2
grandir,futur simple,je,grandirai,je grandirai ce verbe (grandir) au futur simple.,A2
grandir,futur simple,tu,grandiras,tu grandiras ce verbe (grandir) au futur simple.,A2
grandir,futur simple,il/elle,grandira,il/elle grandira ce verbe (grandir) au futur simple.,A2
grandir,futur simple,nous,grandirons,nous grandirons ce verbe (grandir) au futur simple.,A2
grandir,futur simple,vous,grandirez,vous grandirez ce verbe (grandir) au futur simple.,A2
grandir,futur simple,ils/elles,grandiront,ils/elles grandiront ce verbe (grandir) au futur simple.,A2
grandir,conditionnel present,je,grandirais,je grandirais ce verbe (grandir) au conditionnel present.,B1
grandir,conditionnel present,tu,grandirais,tu grandirais ce verbe (grandir) au conditionnel present.,B1
grandir,conditionnel present,il/elle,grandirait,il/elle grandirait ce verbe (grandir) au conditionnel present.,B1
grandir,conditionnel present,nous,grandirions,nous grandirions ce verbe (grandir) au conditionnel present.,B1
grandir,conditionnel present,vous,grandiriez,vous grandiriez ce verbe (grandir) au conditionnel present.,B1
grandir,conditionnel present,ils/elles,grandiraient,ils/elles grandiraient ce verbe (grandir) au conditionnel present.,B1
grandir,subjonctif present,je,grandisse,je grandisse ce verbe (grandir) au subjonctif present.,B2
grandir,subjonctif present,tu,grandisses,tu grandisses ce verbe (grandir) au subjonctif present.,B2
grandir,subjonctif present,il/elle,grandisse,il/elle grandisse ce verbe (grandir) au subjonctif present.,B2
grandir,subjonctif present,nous,grandissions,nous grandissions ce verbe (grandir) au subjonctif present.,B2
grandir,subjonctif present,vous,grandissiez,vous grandissiez ce verbe (grandir) au subjonctif present.,B2
grandir,subjonctif present,ils/elles,grandissent,ils/elles grandissent ce verbe (grandir) au subjonctif present.,B2
grandir,passe compose,je,ai grandi,je ai grandi ce verbe (grandir) au passe compose.,A2
grandir,passe compose,tu,as grandi,tu as grandi ce verbe (grandir) au passe compose.,A2
grandir,passe compose,il/elle,a grandi,il/elle a grandi ce verbe (grandir) au passe compose.,A2
grandir,passe compose,nous,avons grandi,nous avons grandi ce verbe (grandir) au passe compose.,A2
grandir,passe compose,vous,avez grandi,vous avez grandi ce verbe (grandir) au passe compose.,A2
grandir,passe compose,ils/elles,ont grandi,ils/elles ont grandi ce verbe (grandir) au passe compose.,A2
reussir,present,je,reussis,je reussis ce verbe (reussir) au present.,A1
reussir,present,tu,reussis,tu reussis ce verbe (reussir) au present.,A1
reussir,present,il/elle,reussit,il/elle reussit ce verbe (reussir) au present.,A1
reussir,present,nous,reussissons,nous reussissons ce verbe (reussir) au present.,A1
reussir,present,vous,reussissez,vous reussissez ce verbe (reussir) au present.,A1
reussir,present,ils/elles,reussissent,ils/elles reussissent ce verbe (reussir) au present.,A1
reussir,imparfait,je,reussissais,je reussissais ce verbe (reussir) au imparfait.,A2
reussir,imparfait,tu,reussissais,tu reussissais ce verbe (reussir) au imparfait.,A2
reussir,imparfait,il/elle,reussissait,il/elle reussissait ce verbe (reussir) au imparfait.,A2
reussir,imparfait,nous,reussissions,nous reussissions ce verbe (reussir) au imparfait.,A2
reussir,imparfait,vous,reussissiez,vous reussissiez ce verbe (reussir) au imparfait.,A2
reussir,imparfait,ils/elles,reussissaient,ils/elles reussissaient ce verbe (reussir) au imparfait.,A2
reussir,futur simple,je,reussirai,je reussirai ce verbe (reussir) au futur simple.,A2
reussir,futur simple,tu,reussiras,tu reussiras ce verbe (reussir) au futur simple.,A2
reussir,futur simple,il/elle,reussira,il/elle reussira ce verbe (reussir) au futur simple.,A2
reussir,futur simple,nous,reussirons,nous reussirons ce verbe (reussir) au futur simple.,A2
reussir,futur simple,vous,reussirez,vous reussirez ce verbe (reussir) au futur simple.,A2
reussir,futur simple,ils/elles,reussiront,ils/elles reussiront ce verbe (reussir) au futur simple.,A2
reussir,conditionnel present,je,reussirais,je reussirais ce verbe (reussir) au conditionnel present.,B1
reussir,conditionnel present,tu,reussirais,tu reussirais ce verbe (reussir) au conditionnel present.,B1
reussir,conditionnel present,il/elle,reussirait,il/elle reussirait ce verbe (reussir) au conditionnel present.,B1
reussir,conditionnel present,nous,reussirions,nous reussirions ce verbe (reussir) au conditionnel present.,B1
reussir,conditionnel present,vous,reussiriez,vous reussiriez ce verbe (reussir) au conditionnel present.,B1
reussir,conditionnel present,ils/elles,reussiraient,ils/elles reussiraient ce verbe (reussir) au conditionnel present.,B1
reussir,subjonctif present,je,reussisse,je reussisse ce verbe (reussir) au subjonctif present.,B2
reussir,subjonctif present,tu,reussisses,tu reussisses ce verbe (reussir) au subjonctif present.,B2
reussir,subjonctif present,il/elle,reussisse,il/elle reussisse ce verbe (reussir) au subjonctif present.,B2
reussir,subjonctif present,nous,reussissions,nous reussissions ce verbe (reussir) au subjonctif present.,B2
reussir,subjonctif present,vous,reussissiez,vous reussissiez ce verbe (reussir) au subjonctif present.,B2
reussir,subjonctif present,ils/elles,reussissent,ils/elles reussissent ce verbe (reussir) au subjonctif present.,B2
reussir,passe compose,je,ai reussi,je ai reussi ce verbe (reussir) au passe compose.,A2
reussir,passe compose,tu,as reussi,tu as reussi ce verbe (reussir) au passe compose.,A2
reussir,passe compose,il/elle,a reussi,il/elle a reussi ce verbe (reussir) au passe compose.,A2
reussir,passe compose,nous,avons reussi,nous avons reussi ce verbe (reussir) au passe compose.,A2
reussir,passe compose,vous,avez reussi,vous avez reussi ce verbe (reussir) au passe compose.,A2
reussir,passe compose,ils/elles,ont reussi,ils/elles ont reussi ce verbe (reussir) au passe compose.,A2
reflechir,present,je,reflechis,je reflechis ce verbe (reflechir) au present.,A1
reflechir,present,tu,reflechis,tu reflechis ce verbe (reflechir) au present.,A1
reflechir,present,il/elle,reflechit,il/elle reflechit ce verbe (reflechir) au present.,A1
reflechir,present,nous,reflechissons,nous reflechissons ce verbe (reflechir) au present.,A1
reflechir,present,vous,reflechissez,vous reflechissez ce verbe (reflechir) au present.,A1
reflechir,present,ils/elles,reflechissent,ils/elles reflechissent ce verbe (reflechir) au present.,A1
reflechir,imparfait,je,reflechissais,je reflechissais ce verbe (reflechir) au imparfait.,A2
reflechir,imparfait,tu,reflechissais,tu reflechissais ce verbe (reflechir) au imparfait.,A2
reflechir,imparfait,il/elle,reflechissait,il/elle reflechissait ce verbe (reflechir) au imparfait.,A2
reflechir,imparfait,nous,reflechissions,nous reflechissions ce verbe (reflechir) au imparfait.,A2
reflechir,imparfait,vous,reflechissiez,vous reflechissiez ce verbe (reflechir) au imparfait.,A2
reflechir,imparfait,ils/elles,reflechissaient,ils/elles reflechissaient ce verbe (reflechir) au imparfait.,A2
reflechir,futur simple,je,reflechirai,je reflechirai ce verbe (reflechir) au futur simple.,A2
reflechir,futur simple,tu,reflechiras,tu reflechiras ce verbe (reflechir) au futur simple.,A2
reflechir,futur simple,il/elle,reflechira,il/elle reflechira ce verbe (reflechir) au futur simple.,A2
reflechir,futur simple,nous,reflechirons,nous reflechirons ce verbe (reflechir) au futur simple.,A2
reflechir,futur simple,vous,reflechirez,vous reflechirez ce verbe (reflechir) au futur simple.,A2
reflechir,futur simple,ils/elles,reflechiront,ils/elles reflechiront ce verbe (reflechir) au futur simple.,A2
reflechir,conditionnel present,je,reflechirais,je reflechirais ce verbe (reflechir) au conditionnel present.,B1
reflechir,conditionnel present,tu,reflechirais,tu reflechirais ce verbe (reflechir) au conditionnel present.,B1
reflechir,conditionnel present,il/elle,reflechirait,il/elle reflechirait ce verbe (reflechir) au conditionnel present.,B1
reflechir,conditionnel present,nous,reflechirions,nous reflechirions ce verbe (reflechir) au conditionnel present.,B1
reflechir,conditionnel present,vous,reflechiriez,vous reflechiriez ce verbe (reflechir) au conditionnel present.,B1
reflechir,conditionnel present,ils/elles,reflechiraient,ils/elles reflechiraient ce verbe (reflechir) au conditionnel present.,B1
reflechir,subjonctif present,je,reflechisse,je reflechisse ce verbe (reflechir) au subjonctif present.,B2
reflechir,subjonctif present,tu,reflechisses,tu reflechisses ce verbe (reflechir) au subjonctif present.,B2
reflechir,subjonctif present,il/elle,reflechisse,il/elle reflechisse ce verbe (reflechir) au subjonctif present.,B2
reflechir,subjonctif present,nous,reflechissions,nous reflechissions ce verbe (reflechir) au subjonctif present.,B2
reflechir,subjonctif present,vous,reflechissiez,vous reflechissiez ce verbe (reflechir) au subjonctif present.,B2
reflechir,subjonctif present,ils/elles,reflechissent,ils/elles reflechissent ce verbe (reflechir) au subjonctif present.,B2
reflechir,passe compose,je,ai reflechi,je ai reflechi ce verbe (reflechir) au passe compose.,A2
reflechir,passe compose,tu,as reflechi,tu as reflechi ce verbe (reflechir) au passe compose.,A2
reflechir,passe compose,il/elle,a reflechi,il/elle a reflechi ce verbe (reflechir) au passe compose.,A2
reflechir,passe compose,nous,avons reflechi,nous avons reflechi ce verbe (reflechir) au passe compose.,A2
reflechir,passe compose,vous,avez reflechi,vous avez reflechi ce verbe (reflechir) au passe compose.,A2
reflechir,passe compose,ils/elles,ont reflechi,ils/elles ont reflechi ce verbe (reflechir) au passe compose.,A2
remplir,present,je,remplis,je remplis ce verbe (remplir) au present.,A1
remplir,present,tu,remplis,tu remplis ce verbe (remplir) au present.,A1
remplir,present,il/elle,remplit,il/elle remplit ce verbe (remplir) au present.,A1
remplir,present,nous,remplissons,nous remplissons ce verbe (remplir) au present.,A1
remplir,present,vous,remplissez,vous remplissez ce verbe (remplir) au present.,A1
remplir,present,ils/elles,remplissent,ils/elles remplissent ce verbe (remplir) au present.,A1
remplir,imparfait,je,remplissais,je remplissais ce verbe (remplir) au imparfait.,A2
remplir,imparfait,tu,remplissais,tu remplissais ce verbe (remplir) au imparfait.,A2
remplir,imparfait,il/elle,remplissait,il/elle remplissait ce verbe (remplir) au imparfait.,A2
remplir,imparfait,nous,remplissions,nous remplissions ce verbe (remplir) au imparfait.,A2
remplir,imparfait,vous,remplissiez,vous remplissiez ce verbe (remplir) au imparfait.,A2
remplir,imparfait,ils/elles,remplissaient,ils/elles remplissaient ce verbe (remplir) au imparfait.,A2
remplir,futur simple,je,remplirai,je remplirai ce verbe (remplir) au futur simple.,A2
remplir,futur simple,tu,rempliras,tu rempliras ce verbe (remplir) au futur simple.,A2
remplir,futur simple,il/elle,remplira,il/elle remplira ce verbe (remplir) au futur simple.,A2
remplir,futur simple,nous,remplirons,nous remplirons ce verbe (remplir) au futur simple.,A2
remplir,futur simple,vous,remplirez,vous remplirez ce verbe (remplir) au futur simple.,A2
remplir,futur simple,ils/elles,rempliront,ils/elles rempliront ce verbe (remplir) au futur simple.,A2
remplir,conditionnel present,je,remplirais,je remplirais ce verbe (remplir) au conditionnel present.,B1
remplir,conditionnel present,tu,remplirais,tu remplirais ce verbe (remplir) au conditionnel present.,B1
remplir,conditionnel present,il/elle,remplirait,il/elle remplirait ce verbe (remplir) au conditionnel present.,B1
remplir,conditionnel present,nous,remplirions,nous remplirions ce verbe (remplir) au conditionnel present.,B1
remplir,conditionnel present,vous,rempliriez,vous rempliriez ce verbe (remplir) au conditionnel present.,B1
remplir,conditionnel present,ils/elles,rempliraient,ils/elles rempliraient ce verbe (remplir) au conditionnel present.,B1
remplir,subjonctif present,je,remplisse,je remplisse ce verbe (remplir) au subjonctif present.,B2
remplir,subjonctif present,tu,remplisses,tu remplisses ce verbe (remplir) au subjonctif present.,B2
remplir,subjonctif present,il/elle,remplisse,il/elle remplisse ce verbe (remplir) au subjonctif present.,B2
remplir,subjonctif present,nous,remplissions,nous remplissions ce verbe (remplir) au subjonctif present.,B2
remplir,subjonctif present,vous,remplissiez,vous remplissiez ce verbe (remplir) au subjonctif present.,B2
remplir,subjonctif present,ils/elles,remplissent,ils/elles remplissent ce verbe (remplir) au subjonctif present.,B2
remplir,passe compose,je,ai rempli,je ai rempli ce verbe (remplir) au passe compose.,A2
remplir,passe compose,tu,as rempli,tu as rempli ce verbe (remplir) au passe compose.,A2
remplir,passe compose,il/elle,a rempli,il/elle a rempli ce verbe (remplir) au passe compose.,A2
remplir,passe compose,nous,avons rempli,nous avons rempli ce verbe (remplir) au passe compose.,A2
remplir,passe compose,vous,avez rempli,vous avez rempli ce verbe (remplir) au passe compose.,A2
remplir,passe compose,ils/elles,ont rempli,ils/elles ont rempli ce verbe (remplir) au passe compose.,A2
vendre,present,je,vends,je vends ce verbe (vendre) au present.,A1
vendre,present,tu,vends,tu vends ce verbe (vendre) au present.,A1
vendre,present,il/elle,vend,il/elle vend ce verbe (vendre) au present.,A1
vendre,present,nous,vendons,nous vendons ce verbe (vendre) au present.,A1
vendre,present,vous,vendez,vous vendez ce verbe (vendre) au present.,A1
vendre,present,ils/elles,vendent,ils/elles vendent ce verbe (vendre) au present.,A1
vendre,imparfait,je,vendais,je vendais ce verbe (vendre) au imparfait.,A2
vendre,imparfait,tu,vendais,tu vendais ce verbe (vendre) au imparfait.,A2
vendre,imparfait,il/elle,vendait,il/elle vendait ce verbe (vendre) au imparfait.,A2
vendre,imparfait,nous,vendions,nous vendions ce verbe (vendre) au imparfait.,A2
vendre,imparfait,vous,vendiez,vous vendiez ce verbe (vendre) au imparfait.,A2
vendre,imparfait,ils/elles,vendaient,ils/elles vendaient ce verbe (vendre) au imparfait.,A2
vendre,futur simple,je,vendai,je vendai ce verbe (vendre) au futur simple.,A2
vendre,futur simple,tu,vendas,tu vendas ce verbe (vendre) au futur simple.,A2
vendre,futur simple,il/elle,venda,il/elle venda ce verbe (vendre) au futur simple.,A2
vendre,futur simple,nous,vendons,nous vendons ce verbe (vendre) au futur simple.,A2
vendre,futur simple,vous,vendez,vous vendez ce verbe (vendre) au futur simple.,A2
vendre,futur simple,ils/elles,vendont,ils/elles vendont ce verbe (vendre) au futur simple.,A2
vendre,conditionnel present,je,vendais,je vendais ce verbe (vendre) au conditionnel present.,B1
vendre,conditionnel present,tu,vendais,tu vendais ce verbe (vendre) au conditionnel present.,B1
vendre,conditionnel present,il/elle,vendait,il/elle vendait ce verbe (vendre) au conditionnel present.,B1
vendre,conditionnel present,nous,vendions,nous vendions ce verbe (vendre) au conditionnel present.,B1
vendre,conditionnel present,vous,vendiez,vous vendiez ce verbe (vendre) au conditionnel present.,B1
vendre,conditionnel present,ils/elles,vendaient,ils/elles vendaient ce verbe (vendre) au conditionnel present.,B1
vendre,subjonctif present,je,vende,je vende ce verbe (vendre) au subjonctif present.,B2
vendre,subjonctif present,tu,vendes,tu vendes ce verbe (vendre) au subjonctif present.,B2
vendre,subjonctif present,il/elle,vende,il/elle vende ce verbe (vendre) au subjonctif present.,B2
vendre,subjonctif present,nous,vendions,nous vendions ce verbe (vendre) au subjonctif present.,B2
vendre,subjonctif present,vous,vendiez,vous vendiez ce verbe (vendre) au subjonctif present.,B2
vendre,subjonctif present,ils/elles,vendent,ils/elles vendent ce verbe (vendre) au subjonctif present.,B2
vendre,passe compose,je,ai vendu,je ai vendu ce verbe (vendre) au passe compose.,A2
vendre,passe compose,tu,as vendu,tu as vendu ce verbe (vendre) au passe compose.,A2
vendre,passe compose,il/elle,a vendu,il/elle a vendu ce verbe (vendre) au passe compose.,A2
vendre,passe compose,nous,avons vendu,nous avons vendu ce verbe (vendre) au passe compose.,A2
vendre,passe compose,vous,avez vendu,vous avez vendu ce verbe (vendre) au passe compose.,A2
vendre,passe compose,ils/elles,ont vendu,ils/elles ont vendu ce verbe (vendre) au passe compose.,A2
attendre,present,je,attends,je attends ce verbe (attendre) au present.,A1
attendre,present,tu,attends,tu attends ce verbe (attendre) au present.,A1
attendre,present,il/elle,attend,il/elle attend ce verbe (attendre) au present.,A1
attendre,present,nous,attendons,nous attendons ce verbe (attendre) au present.,A1
attendre,present,vous,attendez,vous attendez ce verbe (attendre) au present.,A1
attendre,present,ils/elles,attendent,ils/elles attendent ce verbe (attendre) au present.,A1
attendre,imparfait,je,attendais,je attendais ce verbe (attendre) au imparfait.,A2
attendre,imparfait,tu,attendais,tu attendais ce verbe (attendre) au imparfait.,A2
attendre,imparfait,il/elle,attendait,il/elle attendait ce verbe (attendre) au imparfait.,A2
attendre,imparfait,nous,attendions,nous attendions ce verbe (attendre) au imparfait.,A2
attendre,imparfait,vous,attendiez,vous attendiez ce verbe (attendre) au imparfait.,A2
attendre,imparfait,ils/elles,attendaient,ils/elles attendaient ce verbe (attendre) au imparfait.,A2
attendre,futur simple,je,attendai,je attendai ce verbe (attendre) au futur simple.,A2
attendre,futur simple,tu,attendas,tu attendas ce verbe (attendre) au futur simple.,A2
attendre,futur simple,il/elle,attenda,il/elle attenda ce verbe (attendre) au futur simple.,A2
attendre,futur simple,nous,attendons,nous attendons ce verbe (attendre) au futur simple.,A2
attendre,futur simple,vous,attendez,vous attendez ce verbe (attendre) au futur simple.,A2
attendre,futur simple,ils/elles,attendont,ils/elles attendont ce verbe (attendre) au futur simple.,A2
attendre,conditionnel present,je,attendais,je attendais ce verbe (attendre) au conditionnel present.,B1
attendre,conditionnel present,tu,attendais,tu attendais ce verbe (attendre) au conditionnel present.,B1
attendre,conditionnel present,il/elle,attendait,il/elle attendait ce verbe (attendre) au conditionnel present.,B1
attendre,conditionnel present,nous,attendions,nous attendions ce verbe (attendre) au conditionnel present.,B1
attendre,conditionnel present,vous,attendiez,vous attendiez ce verbe (attendre) au conditionnel present.,B1
attendre,conditionnel present,ils/elles,attendaient,ils/elles attendaient ce verbe (attendre) au conditionnel present.,B1
attendre,subjonctif present,je,attende,je attende ce verbe (attendre) au subjonctif present.,B2
attendre,subjonctif present,tu,attendes,tu attendes ce verbe (attendre) au subjonctif present.,B2
attendre,subjonctif present,il/elle,attende,il/elle attende ce verbe (attendre) au subjonctif present.,B2
attendre,subjonctif present,nous,attendions,nous attendions ce verbe (attendre) au subjonctif present.,B2
attendre,subjonctif present,vous,attendiez,vous attendiez ce verbe (attendre) au subjonctif present.,B2
attendre,subjonctif present,ils/elles,attendent,ils/elles attendent ce verbe (attendre) au subjonctif present.,B2
attendre,passe compose,je,ai attendu,je ai attendu ce verbe (attendre) au passe compose.,A2
attendre,passe compose,tu,as attendu,tu as attendu ce verbe (attendre) au passe compose.,A2
attendre,passe compose,il/elle,a attendu,il/elle a attendu ce verbe (attendre) au passe compose.,A2
attendre,passe compose,nous,avons attendu,nous avons attendu ce verbe (attendre) au passe compose.,A2
attendre,passe compose,vous,avez attendu,vous avez attendu ce verbe (attendre) au passe compose.,A2
attendre,passe compose,ils/elles,ont attendu,ils/elles ont attendu ce verbe (attendre) au passe compose.,A2
perdre,present,je,perds,je perds ce verbe (perdre) au present.,A1
perdre,present,tu,perds,tu perds ce verbe (perdre) au present.,A1
perdre,present,il/elle,perd,il/elle perd ce verbe (perdre) au present.,A1
perdre,present,nous,perdons,nous perdons ce verbe (perdre) au present.,A1
perdre,present,vous,perdez,vous perdez ce verbe (perdre) au present.,A1
perdre,present,ils/elles,perdent,ils/elles perdent ce verbe (perdre) au present.,A1
perdre,imparfait,je,perdais,je perdais ce verbe (perdre) au imparfait.,A2
perdre,imparfait,tu,perdais,tu perdais ce verbe (perdre) au imparfait.,A2
perdre,imparfait,il/elle,perdait,il/elle perdait ce verbe (perdre) au imparfait.,A2
perdre,imparfait,nous,perdions,nous perdions ce verbe (perdre) au imparfait.,A2
perdre,imparfait,vous,perdiez,vous perdiez ce verbe (perdre) au imparfait.,A2
perdre,imparfait,ils/elles,perdaient,ils/elles perdaient ce verbe (perdre) au imparfait.,A2
perdre,futur simple,je,perdai,je perdai ce verbe (perdre) au futur simple.,A2
perdre,futur simple,tu,perdas,tu perdas ce verbe (perdre) au futur simple.,A2
perdre,futur simple,il/elle,perda,il/elle perda ce verbe (perdre) au futur simple.,A2
perdre,futur simple,nous,perdons,nous perdons ce verbe (perdre) au futur simple.,A2
perdre,futur simple,vous,perdez,vous perdez ce verbe (perdre) au futur simple.,A2
perdre,futur simple,ils/elles,perdont,ils/elles perdont ce verbe (perdre) au futur simple.,A2
perdre,conditionnel present,je,perdais,je perdais ce verbe (perdre) au conditionnel present.,B1
perdre,conditionnel present,tu,perdais,tu perdais ce verbe (perdre) au conditionnel present.,B1
perdre,conditionnel present,il/elle,perdait,il/elle perdait ce verbe (perdre) au conditionnel present.,B1
perdre,conditionnel present,nous,perdions,nous perdions ce verbe (perdre) au conditionnel present.,B1
perdre,conditionnel present,vous,perdiez,vous perdiez ce verbe (perdre) au conditionnel present.,B1
perdre,conditionnel present,ils/elles,perdaient,ils/elles perdaient ce verbe (perdre) au conditionnel present.,B1
perdre,subjonctif present,je,perde,je perde ce verbe (perdre) au subjonctif present.,B2
perdre,subjonctif present,tu,perdes,tu perdes ce verbe (perdre) au subjonctif present.,B2
perdre,subjonctif present,il/elle,perde,il/elle perde ce verbe (perdre) au subjonctif present.,B2
perdre,subjonctif present,nous,perdions,nous perdions ce verbe (perdre) au subjonctif present.,B2
perdre,subjonctif present,vous,perdiez,vous perdiez ce verbe (perdre) au subjonctif present.,B2
perdre,subjonctif present,ils/elles,perdent,ils/elles perdent ce verbe (perdre) au subjonctif present.,B2
perdre,passe compose,je,ai perdu,je ai perdu ce verbe (perdre) au passe compose.,A2
perdre,passe compose,tu,as perdu,tu as perdu ce verbe (perdre) au passe compose.,A2
perdre,passe compose,il/elle,a perdu,il/elle a perdu ce verbe (perdre) au passe compose.,A2
perdre,passe compose,nous,avons perdu,nous avons perdu ce verbe (perdre) au passe compose.,A2
perdre,passe compose,vous,avez perdu,vous avez perdu ce verbe (perdre) au passe compose.,A2
perdre,passe compose,ils/elles,ont perdu,ils/elles ont perdu ce verbe (perdre) au passe compose.,A2
repondre,present,je,reponds,je reponds ce verbe (repondre) au present.,A1
repondre,present,tu,reponds,tu reponds ce verbe (repondre) au present.,A1
repondre,present,il/elle,repond,il/elle repond ce verbe (repondre) au present.,A1
repondre,present,nous,repondons,nous repondons ce verbe (repondre) au present.,A1
repondre,present,vous,repondez,vous repondez ce verbe (repondre) au present.,A1
repondre,present,ils/elles,repondent,ils/elles repondent ce verbe (repondre) au present.,A1
repondre,imparfait,je,repondais,je repondais ce verbe (repondre) au imparfait.,A2
repondre,imparfait,tu,repondais,tu repondais ce verbe (repondre) au imparfait.,A2
repondre,imparfait,il/elle,repondait,il/elle repondait ce verbe (repondre) au imparfait.,A2
repondre,imparfait,nous,repondions,nous repondions ce verbe (repondre) au imparfait.,A2
repondre,imparfait,vous,repondiez,vous repondiez ce verbe (repondre) au imparfait.,A2
repondre,imparfait,ils/elles,repondaient,ils/elles repondaient ce verbe (repondre) au imparfait.,A2
repondre,futur simple,je,repondai,je repondai ce verbe (repondre) au futur simple.,A2
repondre,futur simple,tu,repondas,tu repondas ce verbe (repondre) au futur simple.,A2
repondre,futur simple,il/elle,reponda,il/elle reponda ce verbe (repondre) au futur simple.,A2
repondre,futur simple,nous,repondons,nous repondons ce verbe (repondre) au futur simple.,A2
repondre,futur simple,vous,repondez,vous repondez ce verbe (repondre) au futur simple.,A2
repondre,futur simple,ils/elles,repondont,ils/elles repondont ce verbe (repondre) au futur simple.,A2
repondre,conditionnel present,je,repondais,je repondais ce verbe (repondre) au conditionnel present.,B1
repondre,conditionnel present,tu,repondais,tu repondais ce verbe (repondre) au conditionnel present.,B1
repondre,conditionnel present,il/elle,repondait,il/elle repondait ce verbe (repondre) au conditionnel present.,B1
repondre,conditionnel present,nous,repondions,nous repondions ce verbe (repondre) au conditionnel present.,B1
repondre,conditionnel present,vous,repondiez,vous repondiez ce verbe (repondre) au conditionnel present.,B1
repondre,conditionnel present,ils/elles,repondaient,ils/elles repondaient ce verbe (repondre) au conditionnel present.,B1
repondre,subjonctif present,je,reponde,je reponde ce verbe (repondre) au subjonctif present.,B2
repondre,subjonctif present,tu,repondes,tu repondes ce verbe (repondre) au subjonctif present.,B2
repondre,subjonctif present,il/elle,reponde,il/elle reponde ce verbe (repondre) au subjonctif present.,B2
repondre,subjonctif present,nous,repondions,nous repondions ce verbe (repondre) au subjonctif present.,B2
repondre,subjonctif present,vous,repondiez,vous repondiez ce verbe (repondre) au subjonctif present.,B2
repondre,subjonctif present,ils/elles,repondent,ils/elles repondent ce verbe (repondre) au subjonctif present.,B2
repondre,passe compose,je,ai repondu,je ai repondu ce verbe (repondre) au passe compose.,A2
repondre,passe compose,tu,as repondu,tu as repondu ce verbe (repondre) au passe compose.,A2
repondre,passe compose,il/elle,a repondu,il/elle a repondu ce verbe (repondre) au passe compose.,A2
repondre,passe compose,nous,avons repondu,nous avons repondu ce verbe (repondre) au passe compose.,A2
repondre,passe compose,vous,avez repondu,vous avez repondu ce verbe (repondre) au passe compose.,A2
repondre,passe compose,ils/elles,ont repondu,ils/elles ont repondu ce verbe (repondre) au passe compose.,A2
entendre,present,je,entends,je entends ce verbe (entendre) au present.,A1
entendre,present,tu,entends,tu entends ce verbe (entendre) au present.,A1
entendre,present,il/elle,entend,il/elle entend ce verbe (entendre) au present.,A1
entendre,present,nous,entendons,nous entendons ce verbe (entendre) au present.,A1
entendre,present,vous,entendez,vous entendez ce verbe (entendre) au present.,A1
entendre,present,ils/elles,entendent,ils/elles entendent ce verbe (entendre) au present.,A1
entendre,imparfait,je,entendais,je entendais ce verbe (entendre) au imparfait.,A2
entendre,imparfait,tu,entendais,tu entendais ce verbe (entendre) au imparfait.,A2
entendre,imparfait,il/elle,entendait,il/elle entendait ce verbe (entendre) au imparfait.,A2
entendre,imparfait,nous,entendions,nous entendions ce verbe (entendre) au imparfait.,A2
entendre,imparfait,vous,entendiez,vous entendiez ce verbe (entendre) au imparfait.,A2
entendre,imparfait,ils/elles,entendaient,ils/elles entendaient ce verbe (entendre) au imparfait.,A2
entendre,futur simple,je,entendai,je entendai ce verbe (entendre) au futur simple.,A2
entendre,futur simple,tu,entendas,tu entendas ce verbe (entendre) au futur simple.,A2
entendre,futur simple,il/elle,entenda,il/elle entenda ce verbe (entendre) au futur simple.,A2
entendre,futur simple,nous,entendons,nous entendons ce verbe (entendre) au futur simple.,A2
entendre,futur simple,vous,entendez,vous entendez ce verbe (entendre) au futur simple.,A2
entendre,futur simple,ils/elles,entendont,ils/elles entendont ce verbe (entendre) au futur simple.,A2
entendre,conditionnel present,je,entendais,je entendais ce verbe (entendre) au conditionnel present.,B1
entendre,conditionnel present,tu,entendais,tu entendais ce verbe (entendre) au conditionnel present.,B1
entendre,conditionnel present,il/elle,entendait,il/elle entendait ce verbe (entendre) au conditionnel present.,B1
entendre,conditionnel present,nous,entendions,nous entendions ce verbe (entendre) au conditionnel present.,B1
entendre,conditionnel present,vous,entendiez,vous entendiez ce verbe (entendre) au conditionnel present.,B1
entendre,conditionnel present,ils/elles,entendaient,ils/elles entendaient ce verbe (entendre) au conditionnel present.,B1
entendre,subjonctif present,je,entende,je entende ce verbe (entendre) au subjonctif present.,B2
entendre,subjonctif present,tu,entendes,tu entendes ce verbe (entendre) au subjonctif present.,B2
entendre,subjonctif present,il/elle,entende,il/elle entende ce verbe (entendre) au subjonctif present.,B2
entendre,subjonctif present,nous,entendions,nous entendions ce verbe (entendre) au subjonctif present.,B2
entendre,subjonctif present,vous,entendiez,vous entendiez ce verbe (entendre) au subjonctif present.,B2
entendre,subjonctif present,ils/elles,entendent,ils/elles entendent ce verbe (entendre) au subjonctif present.,B2
entendre,passe compose,je,ai entendu,je ai entendu ce verbe (entendre) au passe compose.,A2
entendre,passe compose,tu,as entendu,tu as entendu ce verbe (entendre) au passe compose.,A2
entendre,passe compose,il/elle,a entendu,il/elle a entendu ce verbe (entendre) au passe compose.,A2
entendre,passe compose,nous,avons entendu,nous avons entendu ce verbe (entendre) au passe compose.,A2
entendre,passe compose,vous,avez entendu,vous avez entendu ce verbe (entendre) au passe compose.,A2
entendre,passe compose,ils/elles,ont entendu,ils/elles ont entendu ce verbe (entendre) au passe compose.,A2
descendre,present,je,descends,je descends ce verbe (descendre) au present.,A1
descendre,present,tu,descends,tu descends ce verbe (descendre) au present.,A1
descendre,present,il/elle,descend,il/elle descend ce verbe (descendre) au present.,A1
descendre,present,nous,descendons,nous descendons ce verbe (descendre) au present.,A1
descendre,present,vous,descendez,vous descendez ce verbe (descendre) au present.,A1
descendre,present,ils/elles,descendent,ils/elles descendent ce verbe (descendre) au present.,A1
descendre,imparfait,je,descendais,je descendais ce verbe (descendre) au imparfait.,A2
descendre,imparfait,tu,descendais,tu descendais ce verbe (descendre) au imparfait.,A2
descendre,imparfait,il/elle,descendait,il/elle descendait ce verbe (descendre) au imparfait.,A2
descendre,imparfait,nous,descendions,nous descendions ce verbe (descendre) au imparfait.,A2
descendre,imparfait,vous,descendiez,vous descendiez ce verbe (descendre) au imparfait.,A2
descendre,imparfait,ils/elles,descendaient,ils/elles descendaient ce verbe (descendre) au imparfait.,A2
descendre,futur simple,je,descendai,je descendai ce verbe (descendre) au futur simple.,A2
descendre,futur simple,tu,descendas,tu descendas ce verbe (descendre) au futur simple.,A2
descendre,futur simple,il/elle,descenda,il/elle descenda ce verbe (descendre) au futur simple.,A2
descendre,futur simple,nous,descendons,nous descendons ce verbe (descendre) au futur simple.,A2
descendre,futur simple,vous,descendez,vous descendez ce verbe (descendre) au futur simple.,A2
descendre,futur simple,ils/elles,descendont,ils/elles descendont ce verbe (descendre) au futur simple.,A2
descendre,conditionnel present,je,descendais,je descendais ce verbe (descendre) au conditionnel present.,B1
descendre,conditionnel present,tu,descendais,tu descendais ce verbe (descendre) au conditionnel present.,B1
descendre,conditionnel present,il/elle,descendait,il/elle descendait ce verbe (descendre) au conditionnel present.,B1
descendre,conditionnel present,nous,descendions,nous descendions ce verbe (descendre) au conditionnel present.,B1
descendre,conditionnel present,vous,descendiez,vous descendiez ce verbe (descendre) au conditionnel present.,B1
descendre,conditionnel present,ils/elles,descendaient,ils/elles descendaient ce verbe (descendre) au conditionnel present.,B1
descendre,subjonctif present,je,descende,je descende ce verbe (descendre) au subjonctif present.,B2
descendre,subjonctif present,tu,descendes,tu descendes ce verbe (descendre) au subjonctif present.,B2
descendre,subjonctif present,il/elle,descende,il/elle descende ce verbe (descendre) au subjonctif present.,B2
descendre,subjonctif present,nous,descendions,nous descendions ce verbe (descendre) au subjonctif present.,B2
descendre,subjonctif present,vous,descendiez,vous descendiez ce verbe (descendre) au subjonctif present.,B2
descendre,subjonctif present,ils/elles,descendent,ils/elles descendent ce verbe (descendre) au subjonctif present.,B2
descendre,passe compose,je,ai descendu,je ai descendu ce verbe (descendre) au passe compose.,A2
descendre,passe compose,tu,as descendu,tu as descendu ce verbe (descendre) au passe compose.,A2
descendre,passe compose,il/elle,a descendu,il/elle a descendu ce verbe (descendre) au passe compose.,A2
descendre,passe compose,nous,avons descendu,nous avons descendu ce verbe (descendre) au passe compose.,A2
descendre,passe compose,vous,avez descendu,vous avez descendu ce verbe (descendre) au passe compose.,A2
descendre,passe compose,ils/elles,ont descendu,ils/elles ont descendu ce verbe (descendre) au passe compose.,A2
