mot,definition_fr,traduction_en,exemple_fr,niveau,theme
ameliorer,"Rendre meilleur, progresser.",to improve,Je veux ameliorer mon expression ecrite.,B1,Etudes
objectif,But a atteindre.,goal,Mon objectif est d'obtenir le niveau B2.,A2,Etudes
defi,Difficulte a surmonter.,challenge,Le TCF est un defi exigeant.,A2,Examens
rigoureux,Tres precis et serieux.,rigorous,Il faut etre rigoureux en grammaire.,B1,Etudes
coherent,Logique et bien organise.,coherent,Ton argumentation est coherente.,B1,Expression
nuancer,Exprimer une idee avec precision.,to nuance,Il faut nuancer son opinion.,B2,Expression
pertinent,Adapte au sujet.,relevant,Ton exemple est pertinent.,B2,Expression
enjeu,Ce qui est important dans une situation.,issue,L'enjeu principal est la clarte du texte.,B2,Examens
consigne,Instruction precise a suivre.,instruction,Lis bien la consigne avant d'ecrire.,A2,Examens
barreme,Systeme de notation.,grading scale,Le bareme du TCF est detaille.,B1,Examens
synthese,Resume clair des idees essentielles.,summary,La synthese finale doit etre concise.,B2,Expression
argument,Raison pour soutenir une opinion.,argument,Chaque paragraphe doit contenir un argument.,A2,Expression
justifier,Expliquer avec des raisons.,to justify,Tu dois justifier ta position.,B1,Expression
avantage,Point positif.,advantage,L'apprentissage en ligne offre plusieurs avantages.,A2,Societe
inconvenient,Point negatif.,drawback,Le principal inconvenient est l'isolement.,A2,Societe
disponible,Que l'on peut utiliser ou consulter.,available,Les ressources sont disponibles en ligne.,A2,Technologie
acceder,Pouvoir entrer ou utiliser.,to access,Je peux acceder aux cours sur mon telephone.,B1,Technologie
plateforme,Service numerique pour apprendre.,platform,Cette plateforme propose des exercices adaptes.,A2,Technologie
interactif,Qui implique une participation active.,interactive,Le cours interactif motive les etudiants.,B1,Technologie
autonome,Capable de travailler seul.,independent,Je suis plus autonome dans mon apprentissage.,B1,Etudes
motivation,Energie interieure pour agir.,motivation,La motivation est essentielle pour progresser.,A2,Etudes
constance,Regularite dans l'effort.,consistency,La constance apporte de meilleurs resultats.,B2,Etudes
progres,Amelioration au fil du temps.,progress,Je vois des progres chaque semaine.,A2,Etudes
evaluer,Mesurer un niveau ou une qualite.,to evaluate,Le professeur evalue la coherence du texte.,B1,Examens
corriger,Identifier et reparer une erreur.,to correct,Je corrige mes fautes de grammaire.,A2,Examens
orthographe,Maniere correcte d'ecrire les mots.,spelling,Mon orthographe s'ameliore.,A2,Expression
syntaxe,Organisation des mots dans la phrase.,syntax,La syntaxe de cette phrase est correcte.,B2,Expression
registre,Niveau de langue selon le contexte.,register,Le registre doit rester formel.,B2,Expression
cohesion,Lien entre les phrases d'un texte.,cohesion,La cohesion renforce la clarte du texte.,B2,Expression
connecteur,Mot qui relie les idees.,connector,Utilise des connecteurs varies.,B1,Expression
cependant,Mot pour exprimer une opposition.,however,"Le sujet est difficile; cependant, il est interessant.",B1,Expression
donc,Mot qui exprime une consequence.,therefore,"Il s'entraine, donc il progresse.",A2,Expression
neanmoins,Mot de concession au registre soutenu.,nevertheless,"Le delai est court; neanmoins, je vais terminer.",B2,Expression
fiable,En qui on peut avoir confiance.,reliable,Cette source est fiable.,B1,Travail
efficace,Qui produit de bons resultats.,effective,Cette methode est efficace.,A2,Etudes
rentable,Qui rapporte plus qu'il ne coute.,cost-effective,La formation en ligne est rentable.,B2,Travail
adapter,Modifier selon le besoin.,to adapt,Il faut adapter son style au sujet.,B1,Expression
anticiper,Prevoir a l'avance.,to anticipate,J'anticipe les difficultes de l'examen.,B2,Examens
rediger,Ecrire de maniere organisee.,to draft,Je redige un plan avant le texte final.,B1,Expression
reformuler,Dire autrement.,to rephrase,Je reformule l'idee pour plus de clarte.,B2,Expression
convaincant,Qui persuade efficacement.,convincing,Ton exemple est convaincant.,B2,Expression
nuance,Difference fine entre deux idees.,nuance,Il manque une nuance dans ton argument.,B2,Expression
clarte,Qualite de ce qui est facile a comprendre.,clarity,La clarte est indispensable dans un essai.,B1,Expression
precision,Exactitude dans les mots utilises.,precision,La precision du vocabulaire est evaluee.,B2,Expression
structure,Organisation generale d'un texte.,structure,La structure en trois parties est efficace.,A2,Expression
conclusion,Derniere partie qui ferme le texte.,conclusion,La conclusion doit ouvrir une perspective.,A2,Expression
introduction,Partie initiale qui presente le sujet.,introduction,L'introduction annonce la problematique.,A2,Expression
problematique,Question centrale d'un debat.,problem statement,La problematique doit etre claire des le debut.,B2,Expression
transition,Phrase qui relie deux parties.,transition,Ajoute une transition entre tes paragraphes.,B1,Expression
fluide,"Qui se lit facilement, sans rupture.",fluid,Le texte est fluide et agreable a lire.,B1,Expression
hesitation,Manque de certitude.,hesitation,Evite les hesitations dans ta these.,B1,Expression
soutenir,Defendre une idee.,to support,Je soutiens cette proposition avec deux arguments.,B1,Expression
contester,Refuser ou critiquer une idee.,to challenge,Il conteste cette decision.,B2,Societe
priorite,Ce qui doit etre traite en premier.,priority,Ma priorite est l'orthographe.,A2,Etudes
delai,Temps limite pour terminer.,deadline,Le delai de redaction est de 30 minutes.,B1,Examens
resultat,Ce qu'on obtient apres un effort.,result,Le resultat depend de la preparation.,A2,Examens
simulation,Exercice qui imite l'examen reel.,mock test,Je fais une simulation chaque week-end.,B1,Examens
retroaction,Commentaire utile pour progresser.,feedback,La retroaction du professeur est precise.,B2,Etudes
methodique,Organise et logique dans la maniere de travailler.,methodical,Une revision methodique est plus efficace.,B2,Etudes
resumer,Presenter l'essentiel en peu de mots.,to summarize,Savoir resumer est utile pour le TCF.,B1,Expression
developper,Expliquer en detail.,to develop,Developpe ton deuxieme argument.,A2,Expression
illustrer,Montrer par un exemple.,to illustrate,Illustre ton idee avec une experience concrete.,B1,Expression
convivial,Agreable et chaleureux.,friendly,L'environnement d'etude est convivial.,B1,Societe
epanouissement,Developpement personnel positif.,fulfillment,La lecture contribue a mon epanouissement.,B2,Societe
collaboratif,Qui se fait avec d'autres personnes.,collaborative,Le travail collaboratif stimule les idees.,B2,Travail
responsable,Qui assume ses decisions et ses actions.,responsible,Un etudiant responsable planifie sa revision.,A2,Etudes
assiduite,Presence et regularite dans le travail.,diligence,L'assiduite aide a monter en niveau.,B2,Etudes
souplesse,Capacite a s'adapter facilement.,flexibility,La formation a distance offre plus de souplesse.,B1,Technologie
ressource,Outil ou document utile.,resource,Cette ressource explique bien le subjonctif.,A2,Technologie
aisance,Terme utile pour parler de expression dans un contexte de preparation TCF.,ease,J'utilise le mot 'aisance' pour rendre mon expression plus precise.,B2,Expression
analyse,Terme utile pour parler de etudes dans un contexte de preparation TCF.,analysis,J'utilise le mot 'analyse' pour rendre mon expression plus precise.,B1,Etudes
annonce,Terme utile pour parler de travail dans un contexte de preparation TCF.,announcement,J'utilise le mot 'annonce' pour rendre mon expression plus precise.,A2,Travail
apprenant,Terme utile pour parler de etudes dans un contexte de preparation TCF.,learner,J'utilise le mot 'apprenant' pour rendre mon expression plus precise.,A2,Etudes
argumentation,Terme utile pour parler de expression dans un contexte de preparation TCF.,argumentation,J'utilise le mot 'argumentation' pour rendre mon expression plus precise.,B2,Expression
assurer,Terme utile pour parler de travail dans un contexte de preparation TCF.,to ensure,J'utilise le mot 'assurer' pour rendre mon expression plus precise.,B1,Travail
atelier,Terme utile pour parler de etudes dans un contexte de preparation TCF.,workshop,J'utilise le mot 'atelier' pour rendre mon expression plus precise.,A2,Etudes
attitude,Terme utile pour parler de societe dans un contexte de preparation TCF.,attitude,J'utilise le mot 'attitude' pour rendre mon expression plus precise.,A2,Societe
auditoire,Terme utile pour parler de expression dans un contexte de preparation TCF.,audience,J'utilise le mot 'auditoire' pour rendre mon expression plus precise.,B2,Expression
autocorrection,Terme utile pour parler de etudes dans un contexte de preparation TCF.,self-correction,J'utilise le mot 'autocorrection' pour rendre mon expression plus precise.,B2,Etudes
autoevaluation,Terme utile pour parler de examens dans un contexte de preparation TCF.,self-assessment,J'utilise le mot 'autoevaluation' pour rendre mon expression plus precise.,B2,Examens
brouillon,Terme utile pour parler de expression dans un contexte de preparation TCF.,draft,J'utilise le mot 'brouillon' pour rendre mon expression plus precise.,A2,Expression
cadre,Terme utile pour parler de travail dans un contexte de preparation TCF.,framework,J'utilise le mot 'cadre' pour rendre mon expression plus precise.,B1,Travail
capacite,Terme utile pour parler de etudes dans un contexte de preparation TCF.,ability,J'utilise le mot 'capacite' pour rendre mon expression plus precise.,A2,Etudes
carriere,Terme utile pour parler de travail dans un contexte de preparation TCF.,career,J'utilise le mot 'carriere' pour rendre mon expression plus precise.,A2,Travail
certification,Terme utile pour parler de examens dans un contexte de preparation TCF.,certification,J'utilise le mot 'certification' pour rendre mon expression plus precise.,B1,Examens
citer,Terme utile pour parler de expression dans un contexte de preparation TCF.,to quote,J'utilise le mot 'citer' pour rendre mon expression plus precise.,B1,Expression
classement,Terme utile pour parler de examens dans un contexte de preparation TCF.,ranking,J'utilise le mot 'classement' pour rendre mon expression plus precise.,B2,Examens
collaborer,Terme utile pour parler de travail dans un contexte de preparation TCF.,to collaborate,J'utilise le mot 'collaborer' pour rendre mon expression plus precise.,B1,Travail
commentaire,Terme utile pour parler de expression dans un contexte de preparation TCF.,comment,J'utilise le mot 'commentaire' pour rendre mon expression plus precise.,A2,Expression
competence,Terme utile pour parler de etudes dans un contexte de preparation TCF.,skill,J'utilise le mot 'competence' pour rendre mon expression plus precise.,A2,Etudes
comprehensible,Terme utile pour parler de expression dans un contexte de preparation TCF.,understandable,J'utilise le mot 'comprehensible' pour rendre mon expression plus precise.,B1,Expression
concision,Terme utile pour parler de expression dans un contexte de preparation TCF.,conciseness,J'utilise le mot 'concision' pour rendre mon expression plus precise.,B2,Expression
confiance,Terme utile pour parler de societe dans un contexte de preparation TCF.,confidence,J'utilise le mot 'confiance' pour rendre mon expression plus precise.,A2,Societe
conseiller,Terme utile pour parler de travail dans un contexte de preparation TCF.,to advise,J'utilise le mot 'conseiller' pour rendre mon expression plus precise.,B1,Travail
consistant,Terme utile pour parler de etudes dans un contexte de preparation TCF.,consistent,J'utilise le mot 'consistant' pour rendre mon expression plus precise.,B2,Etudes
conviction,Terme utile pour parler de expression dans un contexte de preparation TCF.,conviction,J'utilise le mot 'conviction' pour rendre mon expression plus precise.,B2,Expression
convocation,Terme utile pour parler de examens dans un contexte de preparation TCF.,summons,J'utilise le mot 'convocation' pour rendre mon expression plus precise.,B1,Examens
creativite,Terme utile pour parler de expression dans un contexte de preparation TCF.,creativity,J'utilise le mot 'creativite' pour rendre mon expression plus precise.,B1,Expression
critere,Terme utile pour parler de examens dans un contexte de preparation TCF.,criterion,J'utilise le mot 'critere' pour rendre mon expression plus precise.,B1,Examens
debattre,Terme utile pour parler de expression dans un contexte de preparation TCF.,to debate,J'utilise le mot 'debattre' pour rendre mon expression plus precise.,B2,Expression
decrire,Terme utile pour parler de expression dans un contexte de preparation TCF.,to describe,J'utilise le mot 'decrire' pour rendre mon expression plus precise.,A2,Expression
demarche,Terme utile pour parler de etudes dans un contexte de preparation TCF.,approach,J'utilise le mot 'demarche' pour rendre mon expression plus precise.,B2,Etudes
demonstration,Terme utile pour parler de expression dans un contexte de preparation TCF.,demonstration,J'utilise le mot 'demonstration' pour rendre mon expression plus precise.,B2,Expression
detail,Terme utile pour parler de expression dans un contexte de preparation TCF.,detail,J'utilise le mot 'detail' pour rendre mon expression plus precise.,A2,Expression
diplome,Terme utile pour parler de etudes dans un contexte de preparation TCF.,degree,J'utilise le mot 'diplome' pour rendre mon expression plus precise.,A2,Etudes
discours,Terme utile pour parler de expression dans un contexte de preparation TCF.,speech,J'utilise le mot 'discours' pour rendre mon expression plus precise.,B1,Expression
dissertation,Terme utile pour parler de expression dans un contexte de preparation TCF.,essay,J'utilise le mot 'dissertation' pour rendre mon expression plus precise.,B2,Expression
documenter,Terme utile pour parler de travail dans un contexte de preparation TCF.,to document,J'utilise le mot 'documenter' pour rendre mon expression plus precise.,B2,Travail
domaine,Terme utile pour parler de etudes dans un contexte de preparation TCF.,field,J'utilise le mot 'domaine' pour rendre mon expression plus precise.,A2,Etudes
durable,Terme utile pour parler de societe dans un contexte de preparation TCF.,sustainable,J'utilise le mot 'durable' pour rendre mon expression plus precise.,B1,Societe
echanger,Terme utile pour parler de societe dans un contexte de preparation TCF.,to exchange,J'utilise le mot 'echanger' pour rendre mon expression plus precise.,A2,Societe
echeance,Terme utile pour parler de examens dans un contexte de preparation TCF.,due date,J'utilise le mot 'echeance' pour rendre mon expression plus precise.,B1,Examens
eclaircir,Terme utile pour parler de expression dans un contexte de preparation TCF.,to clarify,J'utilise le mot 'eclaircir' pour rendre mon expression plus precise.,B2,Expression
ecoute,Terme utile pour parler de etudes dans un contexte de preparation TCF.,listening,J'utilise le mot 'ecoute' pour rendre mon expression plus precise.,A2,Etudes
effort,Terme utile pour parler de etudes dans un contexte de preparation TCF.,effort,J'utilise le mot 'effort' pour rendre mon expression plus precise.,A2,Etudes
elargir,Terme utile pour parler de etudes dans un contexte de preparation TCF.,to broaden,J'utilise le mot 'elargir' pour rendre mon expression plus precise.,B2,Etudes
employabilite,Terme utile pour parler de travail dans un contexte de preparation TCF.,employability,J'utilise le mot 'employabilite' pour rendre mon expression plus precise.,B2,Travail
encadrement,Terme utile pour parler de travail dans un contexte de preparation TCF.,supervision,J'utilise le mot 'encadrement' pour rendre mon expression plus precise.,B2,Travail
enchainement,Terme utile pour parler de expression dans un contexte de preparation TCF.,flow,J'utilise le mot 'enchainement' pour rendre mon expression plus precise.,B2,Expression
encourager,Terme utile pour parler de societe dans un contexte de preparation TCF.,to encourage,J'utilise le mot 'encourager' pour rendre mon expression plus precise.,A2,Societe
energie,Terme utile pour parler de societe dans un contexte de preparation TCF.,energy,J'utilise le mot 'energie' pour rendre mon expression plus precise.,A2,Societe
entretien,Terme utile pour parler de travail dans un contexte de preparation TCF.,interview,J'utilise le mot 'entretien' pour rendre mon expression plus precise.,B1,Travail
equilibre,Terme utile pour parler de societe dans un contexte de preparation TCF.,balance,J'utilise le mot 'equilibre' pour rendre mon expression plus precise.,B1,Societe
erreur,Terme utile pour parler de etudes dans un contexte de preparation TCF.,mistake,J'utilise le mot 'erreur' pour rendre mon expression plus precise.,A1,Etudes
essentiel,Terme utile pour parler de etudes dans un contexte de preparation TCF.,essential,J'utilise le mot 'essentiel' pour rendre mon expression plus precise.,A2,Etudes
estimation,Terme utile pour parler de examens dans un contexte de preparation TCF.,estimate,J'utilise le mot 'estimation' pour rendre mon expression plus precise.,B1,Examens
ethique,Terme utile pour parler de societe dans un contexte de preparation TCF.,ethics,J'utilise le mot 'ethique' pour rendre mon expression plus precise.,B2,Societe
evaluation,Terme utile pour parler de examens dans un contexte de preparation TCF.,evaluation,J'utilise le mot 'evaluation' pour rendre mon expression plus precise.,A2,Examens
evidence,Terme utile pour parler de expression dans un contexte de preparation TCF.,evidence,J'utilise le mot 'evidence' pour rendre mon expression plus precise.,B2,Expression
evolution,Terme utile pour parler de societe dans un contexte de preparation TCF.,evolution,J'utilise le mot 'evolution' pour rendre mon expression plus precise.,A2,Societe
exactitude,Terme utile pour parler de expression dans un contexte de preparation TCF.,accuracy,J'utilise le mot 'exactitude' pour rendre mon expression plus precise.,B2,Expression
exigence,Terme utile pour parler de examens dans un contexte de preparation TCF.,requirement,J'utilise le mot 'exigence' pour rendre mon expression plus precise.,B1,Examens
experience,Terme utile pour parler de societe dans un contexte de preparation TCF.,experience,J'utilise le mot 'experience' pour rendre mon expression plus precise.,A2,Societe
explicite,Terme utile pour parler de expression dans un contexte de preparation TCF.,explicit,J'utilise le mot 'explicite' pour rendre mon expression plus precise.,B2,Expression
faciliter,Terme utile pour parler de etudes dans un contexte de preparation TCF.,to facilitate,J'utilise le mot 'faciliter' pour rendre mon expression plus precise.,B1,Etudes
fiabilite,Terme utile pour parler de travail dans un contexte de preparation TCF.,reliability,J'utilise le mot 'fiabilite' pour rendre mon expression plus precise.,B2,Travail
formuler,Terme utile pour parler de expression dans un contexte de preparation TCF.,to formulate,J'utilise le mot 'formuler' pour rendre mon expression plus precise.,B1,Expression
habitude,Terme utile pour parler de etudes dans un contexte de preparation TCF.,habit,J'utilise le mot 'habitude' pour rendre mon expression plus precise.,A2,Etudes
hypothese,Terme utile pour parler de expression dans un contexte de preparation TCF.,hypothesis,J'utilise le mot 'hypothese' pour rendre mon expression plus precise.,B2,Expression
impact,Terme utile pour parler de societe dans un contexte de preparation TCF.,impact,J'utilise le mot 'impact' pour rendre mon expression plus precise.,A2,Societe
implication,Terme utile pour parler de travail dans un contexte de preparation TCF.,involvement,J'utilise le mot 'implication' pour rendre mon expression plus precise.,B2,Travail
inciter,Terme utile pour parler de societe dans un contexte de preparation TCF.,to encourage,J'utilise le mot 'inciter' pour rendre mon expression plus precise.,B1,Societe
indicator,Terme utile pour parler de examens dans un contexte de preparation TCF.,indicator,J'utilise le mot 'indicator' pour rendre mon expression plus precise.,B2,Examens
initiative,Terme utile pour parler de travail dans un contexte de preparation TCF.,initiative,J'utilise le mot 'initiative' pour rendre mon expression plus precise.,B1,Travail
innovation,Terme utile pour parler de societe dans un contexte de preparation TCF.,innovation,J'utilise le mot 'innovation' pour rendre mon expression plus precise.,B2,Societe
inscription,Terme utile pour parler de examens dans un contexte de preparation TCF.,registration,J'utilise le mot 'inscription' pour rendre mon expression plus precise.,A2,Examens
intention,Terme utile pour parler de expression dans un contexte de preparation TCF.,intention,J'utilise le mot 'intention' pour rendre mon expression plus precise.,A2,Expression
interpretation,Terme utile pour parler de expression dans un contexte de preparation TCF.,interpretation,J'utilise le mot 'interpretation' pour rendre mon expression plus precise.,B2,Expression
intervenir,Terme utile pour parler de societe dans un contexte de preparation TCF.,to intervene,J'utilise le mot 'intervenir' pour rendre mon expression plus precise.,B1,Societe
justification,Terme utile pour parler de expression dans un contexte de preparation TCF.,justification,J'utilise le mot 'justification' pour rendre mon expression plus precise.,B2,Expression
lecture,Terme utile pour parler de etudes dans un contexte de preparation TCF.,reading,J'utilise le mot 'lecture' pour rendre mon expression plus precise.,A2,Etudes
legitimite,Terme utile pour parler de societe dans un contexte de preparation TCF.,legitimacy,J'utilise le mot 'legitimite' pour rendre mon expression plus precise.,B2,Societe
logique,Terme utile pour parler de expression dans un contexte de preparation TCF.,logic,J'utilise le mot 'logique' pour rendre mon expression plus precise.,B1,Expression
maitrise,Terme utile pour parler de etudes dans un contexte de preparation TCF.,mastery,J'utilise le mot 'maitrise' pour rendre mon expression plus precise.,B2,Etudes
methode,Terme utile pour parler de etudes dans un contexte de preparation TCF.,method,J'utilise le mot 'methode' pour rendre mon expression plus precise.,A2,Etudes
mobilite,Terme utile pour parler de societe dans un contexte de preparation TCF.,mobility,J'utilise le mot 'mobilite' pour rendre mon expression plus precise.,B1,Societe
module,Terme utile pour parler de etudes dans un contexte de preparation TCF.,module,J'utilise le mot 'module' pour rendre mon expression plus precise.,A2,Etudes
niveau,Terme utile pour parler de examens dans un contexte de preparation TCF.,level,J'utilise le mot 'niveau' pour rendre mon expression plus precise.,A1,Examens
notion,Terme utile pour parler de etudes dans un contexte de preparation TCF.,notion,J'utilise le mot 'notion' pour rendre mon expression plus precise.,A2,Etudes
obstacle,Terme utile pour parler de societe dans un contexte de preparation TCF.,obstacle,J'utilise le mot 'obstacle' pour rendre mon expression plus precise.,B1,Societe
opinion,Terme utile pour parler de expression dans un contexte de preparation TCF.,opinion,J'utilise le mot 'opinion' pour rendre mon expression plus precise.,A2,Expression
oral,Terme utile pour parler de examens dans un contexte de preparation TCF.,oral,J'utilise le mot 'oral' pour rendre mon expression plus precise.,A2,Examens
organisation,Terme utile pour parler de travail dans un contexte de preparation TCF.,organization,J'utilise le mot 'organisation' pour rendre mon expression plus precise.,A2,Travail
paragraphe,Terme utile pour parler de expression dans un contexte de preparation TCF.,paragraph,J'utilise le mot 'paragraphe' pour rendre mon expression plus precise.,A2,Expression
parcours,Terme utile pour parler de etudes dans un contexte de preparation TCF.,pathway,J'utilise le mot 'parcours' pour rendre mon expression plus precise.,B1,Etudes
participation,Terme utile pour parler de societe dans un contexte de preparation TCF.,participation,J'utilise le mot 'participation' pour rendre mon expression plus precise.,A2,Societe
pertinence,Terme utile pour parler de expression dans un contexte de preparation TCF.,relevance,J'utilise le mot 'pertinence' pour rendre mon expression plus precise.,B2,Expression
planification,Terme utile pour parler de travail dans un contexte de preparation TCF.,planning,J'utilise le mot 'planification' pour rendre mon expression plus precise.,B1,Travail
ponctualite,Terme utile pour parler de travail dans un contexte de preparation TCF.,punctuality,J'utilise le mot 'ponctualite' pour rendre mon expression plus precise.,A2,Travail
position,Terme utile pour parler de expression dans un contexte de preparation TCF.,position,J'utilise le mot 'position' pour rendre mon expression plus precise.,A2,Expression
preparation,Terme utile pour parler de examens dans un contexte de preparation TCF.,preparation,J'utilise le mot 'preparation' pour rendre mon expression plus precise.,A2,Examens
prioriser,Terme utile pour parler de etudes dans un contexte de preparation TCF.,to prioritize,J'utilise le mot 'prioriser' pour rendre mon expression plus precise.,B1,Etudes
probleme,Terme utile pour parler de societe dans un contexte de preparation TCF.,problem,J'utilise le mot 'probleme' pour rendre mon expression plus precise.,A2,Societe
procedure,Terme utile pour parler de travail dans un contexte de preparation TCF.,procedure,J'utilise le mot 'procedure' pour rendre mon expression plus precise.,B1,Travail
progression,Terme utile pour parler de etudes dans un contexte de preparation TCF.,progression,J'utilise le mot 'progression' pour rendre mon expression plus precise.,A2,Etudes
proposition,Terme utile pour parler de expression dans un contexte de preparation TCF.,proposal,J'utilise le mot 'proposition' pour rendre mon expression plus precise.,B1,Expression
qualite,Terme utile pour parler de travail dans un contexte de preparation TCF.,quality,J'utilise le mot 'qualite' pour rendre mon expression plus precise.,A2,Travail
questionnaire,Terme utile pour parler de examens dans un contexte de preparation TCF.,questionnaire,J'utilise le mot 'questionnaire' pour rendre mon expression plus precise.,B1,Examens
raisonnement,Terme utile pour parler de expression dans un contexte de preparation TCF.,reasoning,J'utilise le mot 'raisonnement' pour rendre mon expression plus precise.,B2,Expression
realiste,Terme utile pour parler de societe dans un contexte de preparation TCF.,realistic,J'utilise le mot 'realiste' pour rendre mon expression plus precise.,B1,Societe
recherche,Terme utile pour parler de etudes dans un contexte de preparation TCF.,research,J'utilise le mot 'recherche' pour rendre mon expression plus precise.,A2,Etudes
recommandation,Terme utile pour parler de expression dans un contexte de preparation TCF.,recommendation,J'utilise le mot 'recommandation' pour rendre mon expression plus precise.,B1,Expression
redaction,Terme utile pour parler de expression dans un contexte de preparation TCF.,writing,J'utilise le mot 'redaction' pour rendre mon expression plus precise.,A2,Expression
reference,Terme utile pour parler de etudes dans un contexte de preparation TCF.,reference,J'utilise le mot 'reference' pour rendre mon expression plus precise.,B1,Etudes
regulier,Terme utile pour parler de etudes dans un contexte de preparation TCF.,regular,J'utilise le mot 'regulier' pour rendre mon expression plus precise.,A2,Etudes
renforcer,Terme utile pour parler de expression dans un contexte de preparation TCF.,to strengthen,J'utilise le mot 'renforcer' pour rendre mon expression plus precise.,B1,Expression
reponse,Terme utile pour parler de examens dans un contexte de preparation TCF.,answer,J'utilise le mot 'reponse' pour rendre mon expression plus precise.,A1,Examens
revision,Terme utile pour parler de etudes dans un contexte de preparation TCF.,revision,J'utilise le mot 'revision' pour rendre mon expression plus precise.,A2,Etudes
rigueur,Terme utile pour parler de etudes dans un contexte de preparation TCF.,rigor,J'utilise le mot 'rigueur' pour rendre mon expression plus precise.,B2,Etudes
risque,Terme utile pour parler de societe dans un contexte de preparation TCF.,risk,J'utilise le mot 'risque' pour rendre mon expression plus precise.,B1,Societe
scolarite,Terme utile pour parler de etudes dans un contexte de preparation TCF.,schooling,J'utilise le mot 'scolarite' pour rendre mon expression plus precise.,A2,Etudes
selection,Terme utile pour parler de examens dans un contexte de preparation TCF.,selection,J'utilise le mot 'selection' pour rendre mon expression plus precise.,B1,Examens
sens,Terme utile pour parler de expression dans un contexte de preparation TCF.,meaning,J'utilise le mot 'sens' pour rendre mon expression plus precise.,A2,Expression
simulateur,Terme utile pour parler de technologie dans un contexte de preparation TCF.,simulator,J'utilise le mot 'simulateur' pour rendre mon expression plus precise.,B1,Technologie
strategie,Terme utile pour parler de etudes dans un contexte de preparation TCF.,strategy,J'utilise le mot 'strategie' pour rendre mon expression plus precise.,B1,Etudes
systematique,Terme utile pour parler de etudes dans un contexte de preparation TCF.,systematic,J'utilise le mot 'systematique' pour rendre mon expression plus precise.,B2,Etudes
technique,Terme utile pour parler de travail dans un contexte de preparation TCF.,technique,J'utilise le mot 'technique' pour rendre mon expression plus precise.,A2,Travail
tendance,Terme utile pour parler de societe dans un contexte de preparation TCF.,trend,J'utilise le mot 'tendance' pour rendre mon expression plus precise.,B2,Societe
these,Terme utile pour parler de expression dans un contexte de preparation TCF.,thesis,J'utilise le mot 'these' pour rendre mon expression plus precise.,B2,Expression
tolerance,Terme utile pour parler de societe dans un contexte de preparation TCF.,tolerance,J'utilise le mot 'tolerance' pour rendre mon expression plus precise.,B1,Societe
trace,Terme utile pour parler de etudes dans un contexte de preparation TCF.,trace,J'utilise le mot 'trace' pour rendre mon expression plus precise.,A2,Etudes
validation,Terme utile pour parler de examens dans un contexte de preparation TCF.,validation,J'utilise le mot 'validation' pour rendre mon expression plus precise.,B1,Examens
vigilance,Terme utile pour parler de travail dans un contexte de preparation TCF.,vigilance,J'utilise le mot 'vigilance' pour rendre mon expression plus precise.,B2,Travail
vision,Terme utile pour parler de societe dans un contexte de preparation TCF.,vision,J'utilise le mot 'vision' pour rendre mon expression plus precise.,B1,Societe
accueil,Mot frequent du niveau A1 utile dans le theme vie quotidienne.,accueil,Je place le mot 'accueil' dans une phrase d'entrainement TCF.,A1,Vie quotidienne
adresse,Mot frequent du niveau A1 utile dans le theme vie quotidienne.,adresse,Je place le mot 'adresse' dans une phrase d'entrainement TCF.,A1,Vie quotidienne
agenda,Mot frequent du niveau A1 utile dans le theme vie quotidienne.,agenda,Je place le mot 'agenda' dans une phrase d'entrainement TCF.,A1,Vie quotidienne
aise,Mot frequent du niveau A1 utile dans le theme vie quotidienne.,aise,Je place le mot 'aise' dans une phrase d'entrainement TCF.,A1,Vie quotidienne
ami,Mot frequent du niveau A1 utile dans le theme vie quotidienne.,ami,Je place le mot 'ami' dans une phrase d'entrainement TCF.,A1,Vie quotidienne
amitie,Mot frequent du niveau A1 utile dans le theme vie quotidienne.,amitie,Je place le mot 'amitie' dans une phrase d'entrainement TCF.,A1,Vie quotidienne
appartement,Mot frequent du niveau A1 utile dans le theme vie quotidienne.,appartement,Je place le mot 'appartement' dans une phrase d'entrainement TCF.,A1,Vie quotidienne
arbre,Mot frequent du niveau A1 utile dans le theme vie quotidienne.,arbre,Je place le mot 'arbre' dans une phrase d'entrainement TCF.,A1,Vie quotidienne
armoire,Mot frequent du niveau A1 utile dans le theme vie quotidienne.,armoire,Je place le mot 'armoire' dans une phrase d'entrainement TCF.,A1,Vie quotidienne
arrivee,Mot frequent du niveau A1 utile dans le theme vie quotidienne.,arrivee,Je place le mot 'arrivee' dans une phrase d'entrainement TCF.,A1,Vie quotidienne
article,Mot frequent du niveau A1 utile dans le theme vie quotidienne.,article,Je place le mot 'article' dans une phrase d'entrainement TCF.,A1,Vie quotidienne
ascenseur,Mot frequent du niveau A1 utile dans le theme vie quotidienne.,ascenseur,Je place le mot 'ascenseur' dans une phrase d'entrainement TCF.,A1,Vie quotidienne
assiette,Mot frequent du niveau A1 utile dans le theme vie quotidienne.,assiette,Je place le mot 'assiette' dans une phrase d'entrainement TCF.,A1,Vie quotidienne
attention,Mot frequent du niveau A1 utile dans le theme vie quotidienne.,attention,Je place le mot 'attention' dans une phrase d'entrainement TCF.,A1,Vie quotidienne
autobus,Mot frequent du niveau A1 utile dans le theme vie quotidienne.,autobus,Je place le mot 'autobus' dans une phrase d'entrainement TCF.,A1,Vie quotidienne
avenue,Mot frequent du niveau A1 utile dans le theme vie quotidienne.,avenue,Je place le mot 'avenue' dans une phrase d'entrainement TCF.,A1,Vie quotidienne
bagage,Mot frequent du niveau A1 utile dans le theme vie quotidienne.,bagage,Je place le mot 'bagage' dans une phrase d'entrainement TCF.,A1,Vie quotidienne
balcon,Mot frequent du niveau A1 utile dans le theme vie quotidienne.,balcon,Je place le mot 'balcon' dans une phrase d'entrainement TCF.,A1,Vie quotidienne
balle,Mot frequent du niveau A1 utile dans le theme vie quotidienne.,balle,Je place le mot 'balle' dans une phrase d'entrainement TCF.,A1,Vie quotidienne
banque,Mot frequent du niveau A1 utile dans le theme vie quotidienne.,banque,Je place le mot 'banque' dans une phrase d'entrainement TCF.,A1,Vie quotidienne
basket,Mot frequent du niveau A1 utile dans le theme vie quotidienne.,basket,Je place le mot 'basket' dans une phrase d'entrainement TCF.,A1,Vie quotidienne
bateau,Mot frequent du niveau A1 utile dans le theme vie quotidienne.,bateau,Je place le mot 'bateau' dans une phrase d'entrainement TCF.,A1,Vie quotidienne
bebe,Mot frequent du niveau A1 utile dans le theme vie quotidienne.,bebe,Je place le mot 'bebe' dans une phrase d'entrainement TCF.,A1,Vie quotidienne
besoin,Mot frequent du niveau A1 utile dans le theme vie quotidienne.,besoin,Je place le mot 'besoin' dans une phrase d'entrainement TCF.,A1,Vie quotidienne
billet,Mot frequent du niveau A1 utile dans le theme vie quotidienne.,billet,Je place le mot 'billet' dans une phrase d'entrainement TCF.,A1,Vie quotidienne
boite,Mot frequent du niveau A1 utile dans le theme vie quotidienne.,boite,Je place le mot 'boite' dans une phrase d'entrainement TCF.,A1,Vie quotidienne
boulangerie,Mot frequent du niveau A1 utile dans le theme vie quotidienne.,boulangerie,Je place le mot 'boulangerie' dans une phrase d'entrainement TCF.,A1,Vie quotidienne
bouteille,Mot frequent du niveau A1 utile dans le theme vie quotidienne.,bouteille,Je place le mot 'bouteille' dans une phrase d'entrainement TCF.,A1,Vie quotidienne
bras,Mot frequent du niveau A1 utile dans le theme vie quotidienne.,bras,Je place le mot 'bras' dans une phrase d'entrainement TCF.,A1,Vie quotidienne
bureau,Mot frequent du niveau A1 utile dans le theme vie quotidienne.,bureau,Je place le mot 'bureau' dans une phrase d'entrainement TCF.,A1,Vie quotidienne
cadeau,Mot frequent du niveau A1 utile dans le theme vie quotidienne.,cadeau,Je place le mot 'cadeau' dans une phrase d'entrainement TCF.,A1,Vie quotidienne
caisse,Mot frequent du niveau A1 utile dans le theme vie quotidienne.,caisse,Je place le mot 'caisse' dans une phrase d'entrainement TCF.,A1,Vie quotidienne
calendrier,Mot frequent du niveau A1 utile dans le theme vie quotidienne.,calendrier,Je place le mot 'calendrier' dans une phrase d'entrainement TCF.,A1,Vie quotidienne
calme,Mot frequent du niveau A1 utile dans le theme vie quotidienne.,calme,Je place le mot 'calme' dans une phrase d'entrainement TCF.,A1,Vie quotidienne
camion,Mot frequent du niveau A1 utile dans le theme vie quotidienne.,camion,Je place le mot 'camion' dans une phrase d'entrainement TCF.,A1,Vie quotidienne
campagne,Mot frequent du niveau A1 utile dans le theme vie quotidienne.,campagne,Je place le mot 'campagne' dans une phrase d'entrainement TCF.,A1,Vie quotidienne
carrefour,Mot frequent du niveau A1 utile dans le theme vie quotidienne.,carrefour,Je place le mot 'carrefour' dans une phrase d'entrainement TCF.,A1,Vie quotidienne
chaise,Mot frequent du niveau A1 utile dans le theme vie quotidienne.,chaise,Je place le mot 'chaise' dans une phrase d'entrainement TCF.,A1,Vie quotidienne
chaleur,Mot frequent du niveau A1 utile dans le theme vie quotidienne.,chaleur,Je place le mot 'chaleur' dans une phrase d'entrainement TCF.,A1,Vie quotidienne
chemin,Mot frequent du niveau A1 utile dans le theme vie quotidienne.,chemin,Je place le mot 'chemin' dans une phrase d'entrainement TCF.,A1,Vie quotidienne
chemise,Mot frequent du niveau A1 utile dans le theme vie quotidienne.,chemise,Je place le mot 'chemise' dans une phrase d'entrainement TCF.,A1,Vie quotidienne
chapeau,Mot frequent du niveau A1 utile dans le theme vie quotidienne.,chapeau,Je place le mot 'chapeau' dans une phrase d'entrainement TCF.,A1,Vie quotidienne
chiffre,Mot frequent du niveau A1 utile dans le theme vie quotidienne.,chiffre,Je place le mot 'chiffre' dans une phrase d'entrainement TCF.,A1,Vie quotidienne
choix,Mot frequent du niveau A1 utile dans le theme vie quotidienne.,choix,Je place le mot 'choix' dans une phrase d'entrainement TCF.,A1,Vie quotidienne
classe,Mot frequent du niveau A1 utile dans le theme vie quotidienne.,classe,Je place le mot 'classe' dans une phrase d'entrainement TCF.,A1,Vie quotidienne
client,Mot frequent du niveau A1 utile dans le theme vie quotidienne.,client,Je place le mot 'client' dans une phrase d'entrainement TCF.,A1,Vie quotidienne
cuisine,Mot frequent du niveau A1 utile dans le theme vie quotidienne.,cuisine,Je place le mot 'cuisine' dans une phrase d'entrainement TCF.,A1,Vie quotidienne
danse,Mot frequent du niveau A1 utile dans le theme vie quotidienne.,danse,Je place le mot 'danse' dans une phrase d'entrainement TCF.,A1,Vie quotidienne
dejeuner,Mot frequent du niveau A1 utile dans le theme vie quotidienne.,dejeuner,Je place le mot 'dejeuner' dans une phrase d'entrainement TCF.,A1,Vie quotidienne
dessin,Mot frequent du niveau A1 utile dans le theme vie quotidienne.,dessin,Je place le mot 'dessin' dans une phrase d'entrainement TCF.,A1,Vie quotidienne
devoir,Mot frequent du niveau A1 utile dans le theme vie quotidienne.,devoir,Je place le mot 'devoir' dans une phrase d'entrainement TCF.,A1,Vie quotidienne
dialogue,Mot frequent du niveau A1 utile dans le theme vie quotidienne.,dialogue,Je place le mot 'dialogue' dans une phrase d'entrainement TCF.,A1,Vie quotidienne
difference,Mot frequent du niveau A1 utile dans le theme vie quotidienne.,difference,Je place le mot 'difference' dans une phrase d'entrainement TCF.,A1,Vie quotidienne
dimanche,Mot frequent du niveau A1 utile dans le theme vie quotidienne.,dimanche,Je place le mot 'dimanche' dans une phrase d'entrainement TCF.,A1,Vie quotidienne
direction,Mot frequent du niveau A1 utile dans le theme vie quotidienne.,direction,Je place le mot 'direction' dans une phrase d'entrainement TCF.,A1,Vie quotidienne
discussion,Mot frequent du niveau A1 utile dans le theme vie quotidienne.,discussion,Je place le mot 'discussion' dans une phrase d'entrainement TCF.,A1,Vie quotidienne
docteur,Mot frequent du niveau A1 utile dans le theme vie quotidienne.,docteur,Je place le mot 'docteur' dans une phrase d'entrainement TCF.,A1,Vie quotidienne
douche,Mot frequent du niveau A1 utile dans le theme vie quotidienne.,douche,Je place le mot 'douche' dans une phrase d'entrainement TCF.,A1,Vie quotidienne
echange,Mot frequent du niveau A1 utile dans le theme vie quotidienne.,echange,Je place le mot 'echange' dans une phrase d'entrainement TCF.,A1,Vie quotidienne
eclair,Mot frequent du niveau A1 utile dans le theme vie quotidienne.,eclair,Je place le mot 'eclair' dans une phrase d'entrainement TCF.,A1,Vie quotidienne
ecran,Mot frequent du niveau A1 utile dans le theme vie quotidienne.,ecran,Je place le mot 'ecran' dans une phrase d'entrainement TCF.,A1,Vie quotidienne
ecriture,Mot frequent du niveau A1 utile dans le theme vie quotidienne.,ecriture,Je place le mot 'ecriture' dans une phrase d'entrainement TCF.,A1,Vie quotidienne
economie,Mot frequent du niveau A1 utile dans le theme vie quotidienne.,economie,Je place le mot 'economie' dans une phrase d'entrainement TCF.,A1,Vie quotidienne
emploi,Mot frequent du niveau A1 utile dans le theme vie quotidienne.,emploi,Je place le mot 'emploi' dans une phrase d'entrainement TCF.,A1,Vie quotidienne
entree,Mot frequent du niveau A1 utile dans le theme vie quotidienne.,entree,Je place le mot 'entree' dans une phrase d'entrainement TCF.,A1,Vie quotidienne
equipe,Mot frequent du niveau A1 utile dans le theme vie quotidienne.,equipe,Je place le mot 'equipe' dans une phrase d'entrainement TCF.,A1,Vie quotidienne
escalier,Mot frequent du niveau A1 utile dans le theme vie quotidienne.,escalier,Je place le mot 'escalier' dans une phrase d'entrainement TCF.,A1,Vie quotidienne
espace,Mot frequent du niveau A1 utile dans le theme vie quotidienne.,espace,Je place le mot 'espace' dans une phrase d'entrainement TCF.,A1,Vie quotidienne
etage,Mot frequent du niveau A1 utile dans le theme vie quotidienne.,etage,Je place le mot 'etage' dans une phrase d'entrainement TCF.,A1,Vie quotidienne
etudiant,Mot frequent du niveau A1 utile dans le theme vie quotidienne.,etudiant,Je place le mot 'etudiant' dans une phrase d'entrainement TCF.,A1,Vie quotidienne
etoile,Mot frequent du niveau A1 utile dans le theme vie quotidienne.,etoile,Je place le mot 'etoile' dans une phrase d'entrainement TCF.,A1,Vie quotidienne
exemple,Mot frequent du niveau A1 utile dans le theme vie quotidienne.,exemple,Je place le mot 'exemple' dans une phrase d'entrainement TCF.,A1,Vie quotidienne
exercice,Mot frequent du niveau A1 utile dans le theme vie quotidienne.,exercice,Je place le mot 'exercice' dans une phrase d'entrainement TCF.,A1,Vie quotidienne
fatigue,Mot frequent du niveau A1 utile dans le theme vie quotidienne.,fatigue,Je place le mot 'fatigue' dans une phrase d'entrainement TCF.,A1,Vie quotidienne
fenetre,Mot frequent du niveau A1 utile dans le theme vie quotidienne.,fenetre,Je place le mot 'fenetre' dans une phrase d'entrainement TCF.,A1,Vie quotidienne
feuille,Mot frequent du niveau A1 utile dans le theme vie quotidienne.,feuille,Je place le mot 'feuille' dans une phrase d'entrainement TCF.,A1,Vie quotidienne
film,Mot frequent du niveau A1 utile dans le theme vie quotidienne.,film,Je place le mot 'film' dans une phrase d'entrainement TCF.,A1,Vie quotidienne
fleur,Mot frequent du niveau A1 utile dans le theme vie quotidienne.,fleur,Je place le mot 'fleur' dans une phrase d'entrainement TCF.,A1,Vie quotidienne
foire,Mot frequent du niveau A1 utile dans le theme vie quotidienne.,foire,Je place le mot 'foire' dans une phrase d'entrainement TCF.,A1,Vie quotidienne
fromage,Mot frequent du niveau A1 utile dans le theme vie quotidienne.,fromage,Je place le mot 'fromage' dans une phrase d'entrainement TCF.,A1,Vie quotidienne
gare,Mot frequent du niveau A1 utile dans le theme vie quotidienne.,gare,Je place le mot 'gare' dans une phrase d'entrainement TCF.,A1,Vie quotidienne
geste,Mot frequent du niveau A1 utile dans le theme vie quotidienne.,geste,Je place le mot 'geste' dans une phrase d'entrainement TCF.,A1,Vie quotidienne
gout,Mot frequent du niveau A1 utile dans le theme vie quotidienne.,gout,Je place le mot 'gout' dans une phrase d'entrainement TCF.,A1,Vie quotidienne
groupe,Mot frequent du niveau A1 utile dans le theme vie quotidienne.,groupe,Je place le mot 'groupe' dans une phrase d'entrainement TCF.,A1,Vie quotidienne
hasard,Mot frequent du niveau A1 utile dans le theme vie quotidienne.,hasard,Je place le mot 'hasard' dans une phrase d'entrainement TCF.,A1,Vie quotidienne
heure,Mot frequent du niveau A1 utile dans le theme vie quotidienne.,heure,Je place le mot 'heure' dans une phrase d'entrainement TCF.,A1,Vie quotidienne
hiver,Mot frequent du niveau A1 utile dans le theme vie quotidienne.,hiver,Je place le mot 'hiver' dans une phrase d'entrainement TCF.,A1,Vie quotidienne
idee,Mot frequent du niveau A1 utile dans le theme vie quotidienne.,idee,Je place le mot 'idee' dans une phrase d'entrainement TCF.,A1,Vie quotidienne
image,Mot frequent du niveau A1 utile dans le theme vie quotidienne.,image,Je place le mot 'image' dans une phrase d'entrainement TCF.,A1,Vie quotidienne
immeuble,Mot frequent du niveau A1 utile dans le theme vie quotidienne.,immeuble,Je place le mot 'immeuble' dans une phrase d'entrainement TCF.,A1,Vie quotidienne
invitation,Mot frequent du niveau A1 utile dans le theme vie quotidienne.,invitation,Je place le mot 'invitation' dans une phrase d'entrainement TCF.,A1,Vie quotidienne
jardin,Mot frequent du niveau A1 utile dans le theme vie quotidienne.,jardin,Je place le mot 'jardin' dans une phrase d'entrainement TCF.,A1,Vie quotidienne
journal,Mot frequent du niveau A1 utile dans le theme vie quotidienne.,journal,Je place le mot 'journal' dans une phrase d'entrainement TCF.,A1,Vie quotidienne
lampe,Mot frequent du niveau A1 utile dans le theme vie quotidienne.,lampe,Je place le mot 'lampe' dans une phrase d'entrainement TCF.,A1,Vie quotidienne
langage,Mot frequent du niveau A1 utile dans le theme vie quotidienne.,langage,Je place le mot 'langage' dans une phrase d'entrainement TCF.,A1,Vie quotidienne
legume,Mot frequent du niveau A1 utile dans le theme vie quotidienne.,legume,Je place le mot 'legume' dans une phrase d'entrainement TCF.,A1,Vie quotidienne
lecon,Mot frequent du niveau A1 utile dans le theme vie quotidienne.,lecon,Je place le mot 'lecon' dans une phrase d'entrainement TCF.,A1,Vie quotidienne
lieu,Mot frequent du niveau A1 utile dans le theme vie quotidienne.,lieu,Je place le mot 'lieu' dans une phrase d'entrainement TCF.,A1,Vie quotidienne
liste,Mot frequent du niveau A1 utile dans le theme vie quotidienne.,liste,Je place le mot 'liste' dans une phrase d'entrainement TCF.,A1,Vie quotidienne
lit,Mot frequent du niveau A1 utile dans le theme vie quotidienne.,lit,Je place le mot 'lit' dans une phrase d'entrainement TCF.,A1,Vie quotidienne
livraison,Mot frequent du niveau A1 utile dans le theme vie quotidienne.,livraison,Je place le mot 'livraison' dans une phrase d'entrainement TCF.,A1,Vie quotidienne
location,Mot frequent du niveau A1 utile dans le theme vie quotidienne.,location,Je place le mot 'location' dans une phrase d'entrainement TCF.,A1,Vie quotidienne
magasin,Mot frequent du niveau A1 utile dans le theme vie quotidienne.,magasin,Je place le mot 'magasin' dans une phrase d'entrainement TCF.,A1,Vie quotidienne
maison,Mot frequent du niveau A1 utile dans le theme vie quotidienne.,maison,Je place le mot 'maison' dans une phrase d'entrainement TCF.,A1,Vie quotidienne
manteau,Mot frequent du niveau A1 utile dans le theme vie quotidienne.,manteau,Je place le mot 'manteau' dans une phrase d'entrainement TCF.,A1,Vie quotidienne
marche,Mot frequent du niveau A1 utile dans le theme vie quotidienne.,marche,Je place le mot 'marche' dans une phrase d'entrainement TCF.,A1,Vie quotidienne
matin,Mot frequent du niveau A1 utile dans le theme vie quotidienne.,matin,Je place le mot 'matin' dans une phrase d'entrainement TCF.,A1,Vie quotidienne
menu,Mot frequent du niveau A1 utile dans le theme vie quotidienne.,menu,Je place le mot 'menu' dans une phrase d'entrainement TCF.,A1,Vie quotidienne
message,Mot frequent du niveau A1 utile dans le theme vie quotidienne.,message,Je place le mot 'message' dans une phrase d'entrainement TCF.,A1,Vie quotidienne
meteo,Mot frequent du niveau A1 utile dans le theme vie quotidienne.,meteo,Je place le mot 'meteo' dans une phrase d'entrainement TCF.,A1,Vie quotidienne
minute,Mot frequent du niveau A1 utile dans le theme vie quotidienne.,minute,Je place le mot 'minute' dans une phrase d'entrainement TCF.,A1,Vie quotidienne
miroir,Mot frequent du niveau A1 utile dans le theme vie quotidienne.,miroir,Je place le mot 'miroir' dans une phrase d'entrainement TCF.,A1,Vie quotidienne
modele,Mot frequent du niveau A1 utile dans le theme vie quotidienne.,modele,Je place le mot 'modele' dans une phrase d'entrainement TCF.,A1,Vie quotidienne
montagne,Mot frequent du niveau A1 utile dans le theme vie quotidienne.,montagne,Je place le mot 'montagne' dans une phrase d'entrainement TCF.,A1,Vie quotidienne
musee,Mot frequent du niveau A1 utile dans le theme vie quotidienne.,musee,Je place le mot 'musee' dans une phrase d'entrainement TCF.,A1,Vie quotidienne
musique,Mot frequent du niveau A1 utile dans le theme vie quotidienne.,musique,Je place le mot 'musique' dans une phrase d'entrainement TCF.,A1,Vie quotidienne
natation,Mot frequent du niveau A1 utile dans le theme vie quotidienne.,natation,Je place le mot 'natation' dans une phrase d'entrainement TCF.,A1,Vie quotidienne
note,Mot frequent du niveau A1 utile dans le theme vie quotidienne.,note,Je place le mot 'note' dans une phrase d'entrainement TCF.,A1,Vie quotidienne
nuage,Mot frequent du niveau A1 utile dans le theme vie quotidienne.,nuage,Je place le mot 'nuage' dans une phrase d'entrainement TCF.,A1,Vie quotidienne
objet,Mot frequent du niveau A1 utile dans le theme vie quotidienne.,objet,Je place le mot 'objet' dans une phrase d'entrainement TCF.,A1,Vie quotidienne
occasion,Mot frequent du niveau A1 utile dans le theme vie quotidienne.,occasion,Je place le mot 'occasion' dans une phrase d'entrainement TCF.,A1,Vie quotidienne
odeur,Mot frequent du niveau A1 utile dans le theme vie quotidienne.,odeur,Je place le mot 'odeur' dans une phrase d'entrainement TCF.,A1,Vie quotidienne
offre,Mot frequent du niveau A1 utile dans le theme vie quotidienne.,offre,Je place le mot 'offre' dans une phrase d'entrainement TCF.,A1,Vie quotidienne
ombre,Mot frequent du niveau A1 utile dans le theme vie quotidienne.,ombre,Je place le mot 'ombre' dans une phrase d'entrainement TCF.,A1,Vie quotidienne
ordre,Mot frequent du niveau A1 utile dans le theme vie quotidienne.,ordre,Je place le mot 'ordre' dans une phrase d'entrainement TCF.,A1,Vie quotidienne
oreille,Mot frequent du niveau A1 utile dans le theme vie quotidienne.,oreille,Je place le mot 'oreille' dans une phrase d'entrainement TCF.,A1,Vie quotidienne
outil,Mot frequent du niveau A1 utile dans le theme vie quotidienne.,outil,Je place le mot 'outil' dans une phrase d'entrainement TCF.,A1,Vie quotidienne
paquet,Mot frequent du niveau A1 utile dans le theme vie quotidienne.,paquet,Je place le mot 'paquet' dans une phrase d'entrainement TCF.,A1,Vie quotidienne
papier,Mot frequent du niveau A1 utile dans le theme vie quotidienne.,papier,Je place le mot 'papier' dans une phrase d'entrainement TCF.,A1,Vie quotidienne
parent,Mot frequent du niveau A1 utile dans le theme vie quotidienne.,parent,Je place le mot 'parent' dans une phrase d'entrainement TCF.,A1,Vie quotidienne
parc,Mot frequent du niveau A1 utile dans le theme vie quotidienne.,parc,Je place le mot 'parc' dans une phrase d'entrainement TCF.,A1,Vie quotidienne
parole,Mot frequent du niveau A1 utile dans le theme vie quotidienne.,parole,Je place le mot 'parole' dans une phrase d'entrainement TCF.,A1,Vie quotidienne
passage,Mot frequent du niveau A1 utile dans le theme vie quotidienne.,passage,Je place le mot 'passage' dans une phrase d'entrainement TCF.,A1,Vie quotidienne
patient,Mot frequent du niveau A1 utile dans le theme vie quotidienne.,patient,Je place le mot 'patient' dans une phrase d'entrainement TCF.,A1,Vie quotidienne
pause,Mot frequent du niveau A1 utile dans le theme vie quotidienne.,pause,Je place le mot 'pause' dans une phrase d'entrainement TCF.,A1,Vie quotidienne
peinture,Mot frequent du niveau A1 utile dans le theme vie quotidienne.,peinture,Je place le mot 'peinture' dans une phrase d'entrainement TCF.,A1,Vie quotidienne
photo,Mot frequent du niveau A1 utile dans le theme vie quotidienne.,photo,Je place le mot 'photo' dans une phrase d'entrainement TCF.,A1,Vie quotidienne
piscine,Mot frequent du niveau A1 utile dans le theme vie quotidienne.,piscine,Je place le mot 'piscine' dans une phrase d'entrainement TCF.,A1,Vie quotidienne
place,Mot frequent du niveau A1 utile dans le theme vie quotidienne.,place,Je place le mot 'place' dans une phrase d'entrainement TCF.,A1,Vie quotidienne
plage,Mot frequent du niveau A1 utile dans le theme vie quotidienne.,plage,Je place le mot 'plage' dans une phrase d'entrainement TCF.,A1,Vie quotidienne
plan,Mot frequent du niveau A1 utile dans le theme vie quotidienne.,plan,Je place le mot 'plan' dans une phrase d'entrainement TCF.,A1,Vie quotidienne
plante,Mot frequent du niveau A1 utile dans le theme vie quotidienne.,plante,Je place le mot 'plante' dans une phrase d'entrainement TCF.,A1,Vie quotidienne
porte,Mot frequent du niveau A1 utile dans le theme vie quotidienne.,porte,Je place le mot 'porte' dans une phrase d'entrainement TCF.,A1,Vie quotidienne
pratique,Mot frequent du niveau A1 utile dans le theme vie quotidienne.,pratique,Je place le mot 'pratique' dans une phrase d'entrainement TCF.,A1,Vie quotidienne
prix,Mot frequent du niveau A1 utile dans le theme vie quotidienne.,prix,Je place le mot 'prix' dans une phrase d'entrainement TCF.,A1,Vie quotidienne
professeur,Mot frequent du niveau A1 utile dans le theme vie quotidienne.,professeur,Je place le mot 'professeur' dans une phrase d'entrainement TCF.,A1,Vie quotidienne
promenade,Mot frequent du niveau A1 utile dans le theme vie quotidienne.,promenade,Je place le mot 'promenade' dans une phrase d'entrainement TCF.,A1,Vie quotidienne
question,Mot frequent du niveau A1 utile dans le theme vie quotidienne.,question,Je place le mot 'question' dans une phrase d'entrainement TCF.,A1,Vie quotidienne
radio,Mot frequent du niveau A1 utile dans le theme vie quotidienne.,radio,Je place le mot 'radio' dans une phrase d'entrainement TCF.,A1,Vie quotidienne
raison,Mot frequent du niveau A1 utile dans le theme vie quotidienne.,raison,Je place le mot 'raison' dans une phrase d'entrainement TCF.,A1,Vie quotidienne
repas,Mot frequent du niveau A1 utile dans le theme vie quotidienne.,repas,Je place le mot 'repas' dans une phrase d'entrainement TCF.,A1,Vie quotidienne
reservation,Mot frequent du niveau A1 utile dans le theme vie quotidienne.,reservation,Je place le mot 'reservation' dans une phrase d'entrainement TCF.,A1,Vie quotidienne
reveil,Mot frequent du niveau A1 utile dans le theme vie quotidienne.,reveil,Je place le mot 'reveil' dans une phrase d'entrainement TCF.,A1,Vie quotidienne
route,Mot frequent du niveau A1 utile dans le theme vie quotidienne.,route,Je place le mot 'route' dans une phrase d'entrainement TCF.,A1,Vie quotidienne
sac,Mot frequent du niveau A1 utile dans le theme vie quotidienne.,sac,Je place le mot 'sac' dans une phrase d'entrainement TCF.,A1,Vie quotidienne
salade,Mot frequent du niveau A1 utile dans le theme vie quotidienne.,salade,Je place le mot 'salade' dans une phrase d'entrainement TCF.,A1,Vie quotidienne
salle,Mot frequent du niveau A1 utile dans le theme vie quotidienne.,salle,Je place le mot 'salle' dans une phrase d'entrainement TCF.,A1,Vie quotidienne
saison,Mot frequent du niveau A1 utile dans le theme vie quotidienne.,saison,Je place le mot 'saison' dans une phrase d'entrainement TCF.,A1,Vie quotidienne
sant,Mot frequent du niveau A1 utile dans le theme vie quotidienne.,sant,Je place le mot 'sant' dans une phrase d'entrainement TCF.,A1,Vie quotidienne
service,Mot frequent du niveau A1 utile dans le theme vie quotidienne.,service,Je place le mot 'service' dans une phrase d'entrainement TCF.,A1,Vie quotidienne
signal,Mot frequent du niveau A1 utile dans le theme vie quotidienne.,signal,Je place le mot 'signal' dans une phrase d'entrainement TCF.,A1,Vie quotidienne
silence,Mot frequent du niveau A1 utile dans le theme vie quotidienne.,silence,Je place le mot 'silence' dans une phrase d'entrainement TCF.,A1,Vie quotidienne
soir,Mot frequent du niveau A1 utile dans le theme vie quotidienne.,soir,Je place le mot 'soir' dans une phrase d'entrainement TCF.,A1,Vie quotidienne
sortie,Mot frequent du niveau A1 utile dans le theme vie quotidienne.,sortie,Je place le mot 'sortie' dans une phrase d'entrainement TCF.,A1,Vie quotidienne
spectacle,Mot frequent du niveau A1 utile dans le theme vie quotidienne.,spectacle,Je place le mot 'spectacle' dans une phrase d'entrainement TCF.,A1,Vie quotidienne
station,Mot frequent du niveau A1 utile dans le theme vie quotidienne.,station,Je place le mot 'station' dans une phrase d'entrainement TCF.,A1,Vie quotidienne
stylo,Mot frequent du niveau A1 utile dans le theme vie quotidienne.,stylo,Je place le mot 'stylo' dans une phrase d'entrainement TCF.,A1,Vie quotidienne
sucre,Mot frequent du niveau A1 utile dans le theme vie quotidienne.,sucre,Je place le mot 'sucre' dans une phrase d'entrainement TCF.,A1,Vie quotidienne
table,Mot frequent du niveau A1 utile dans le theme vie quotidienne.,table,Je place le mot 'table' dans une phrase d'entrainement TCF.,A1,Vie quotidienne
tasse,Mot frequent du niveau A1 utile dans le theme vie quotidienne.,tasse,Je place le mot 'tasse' dans une phrase d'entrainement TCF.,A1,Vie quotidienne
taxi,Mot frequent du niveau A1 utile dans le theme vie quotidienne.,taxi,Je place le mot 'taxi' dans une phrase d'entrainement TCF.,A1,Vie quotidienne
telephone,Mot frequent du niveau A1 utile dans le theme vie quotidienne.,telephone,Je place le mot 'telephone' dans une phrase d'entrainement TCF.,A1,Vie quotidienne
temperature,Mot frequent du niveau A1 utile dans le theme vie quotidienne.,temperature,Je place le mot 'temperature' dans une phrase d'entrainement TCF.,A1,Vie quotidienne
temps,Mot frequent du niveau A1 utile dans le theme vie quotidienne.,temps,Je place le mot 'temps' dans une phrase d'entrainement TCF.,A1,Vie quotidienne
terrasse,Mot frequent du niveau A1 utile dans le theme vie quotidienne.,terrasse,Je place le mot 'terrasse' dans une phrase d'entrainement TCF.,A1,Vie quotidienne
ticket,Mot frequent du niveau A1 utile dans le theme vie quotidienne.,ticket,Je place le mot 'ticket' dans une phrase d'entrainement TCF.,A1,Vie quotidienne
train,Mot frequent du niveau A1 utile dans le theme vie quotidienne.,train,Je place le mot 'train' dans une phrase d'entrainement TCF.,A1,Vie quotidienne
trajet,Mot frequent du niveau A1 utile dans le theme vie quotidienne.,trajet,Je place le mot 'trajet' dans une phrase d'entrainement TCF.,A1,Vie quotidienne
travail,Mot frequent du niveau A1 utile dans le theme vie quotidienne.,travail,Je place le mot 'travail' dans une phrase d'entrainement TCF.,A1,Vie quotidienne
usine,Mot frequent du niveau A1 utile dans le theme vie quotidienne.,usine,Je place le mot 'usine' dans une phrase d'entrainement TCF.,A1,Vie quotidienne
valise,Mot frequent du niveau A1 utile dans le theme vie quotidienne.,valise,Je place le mot 'valise' dans une phrase d'entrainement TCF.,A1,Vie quotidienne
vitesse,Mot frequent du niveau A1 utile dans le theme vie quotidienne.,vitesse,Je place le mot 'vitesse' dans une phrase d'entrainement TCF.,A1,Vie quotidienne
visite,Mot frequent du niveau A1 utile dans le theme vie quotidienne.,visite,Je place le mot 'visite' dans une phrase d'entrainement TCF.,A1,Vie quotidienne
voisin,Mot frequent du niveau A1 utile dans le theme vie quotidienne.,voisin,Je place le mot 'voisin' dans une phrase d'entrainement TCF.,A1,Vie quotidienne
voyage,Mot frequent du niveau A1 utile dans le theme vie quotidienne.,voyage,Je place le mot 'voyage' dans une phrase d'entrainement TCF.,A1,Vie quotidienne
concentration,Mot frequent du niveau A2 utile dans le theme etudes.,concentration,Je place le mot 'concentration' dans une phrase d'entrainement TCF.,A2,Etudes
revisionnaire,Mot frequent du niveau A2 utile dans le theme etudes.,revisionnaire,Je place le mot 'revisionnaire' dans une phrase d'entrainement TCF.,A2,Etudes
autonomie,Mot frequent du niveau A2 utile dans le theme etudes.,autonomie,Je place le mot 'autonomie' dans une phrase d'entrainement TCF.,A2,Etudes
discipline,Mot frequent du niveau A2 utile dans le theme etudes.,discipline,Je place le mot 'discipline' dans une phrase d'entrainement TCF.,A2,Etudes
bareme,Mot frequent du niveau A2 utile dans le theme etudes.,bareme,Je place le mot 'bareme' dans une phrase d'entrainement TCF.,A2,Etudes
coherence,Mot frequent du niveau A2 utile dans le theme etudes.,coherence,Je place le mot 'coherence' dans une phrase d'entrainement TCF.,A2,Etudes
reformulation,Mot frequent du niveau A2 utile dans le theme etudes.,reformulation,Je place le mot 'reformulation' dans une phrase d'entrainement TCF.,A2,Etudes
vocabulaire,Mot frequent du niveau A2 utile dans le theme etudes.,vocabulaire,Je place le mot 'vocabulaire' dans une phrase d'entrainement TCF.,A2,Etudes
grammaire,Mot frequent du niveau A2 utile dans le theme etudes.,grammaire,Je place le mot 'grammaire' dans une phrase d'entrainement TCF.,A2,Etudes
conjugaison,Mot frequent du niveau A2 utile dans le theme etudes.,conjugaison,Je place le mot 'conjugaison' dans une phrase d'entrainement TCF.,A2,Etudes
pronom,Mot frequent du niveau A2 utile dans le theme etudes.,pronom,Je place le mot 'pronom' dans une phrase d'entrainement TCF.,A2,Etudes
correction,Mot frequent du niveau A2 utile dans le theme etudes.,correction,Je place le mot 'correction' dans une phrase d'entrainement TCF.,A2,Etudes
relecture,Mot frequent du niveau A2 utile dans le theme etudes.,relecture,Je place le mot 'relecture' dans une phrase d'entrainement TCF.,A2,Etudes
entrainement,Mot frequent du niveau A2 utile dans le theme etudes.,entrainement,Je place le mot 'entrainement' dans une phrase d'entrainement TCF.,A2,Etudes
repetition,Mot frequent du niveau A2 utile dans le theme etudes.,repetition,Je place le mot 'repetition' dans une phrase d'entrainement TCF.,A2,Etudes
memoire,Mot frequent du niveau A2 utile dans le theme etudes.,memoire,Je place le mot 'memoire' dans une phrase d'entrainement TCF.,A2,Etudes
expression,Mot frequent du niveau A2 utile dans le theme etudes.,expression,Je place le mot 'expression' dans une phrase d'entrainement TCF.,A2,Etudes
comprehension,Mot frequent du niveau A2 utile dans le theme etudes.,comprehension,Je place le mot 'comprehension' dans une phrase d'entrainement TCF.,A2,Etudes
ecrit,Mot frequent du niveau A2 utile dans le theme etudes.,ecrit,Je place le mot 'ecrit' dans une phrase d'entrainement TCF.,A2,Etudes
tache,Mot frequent du niveau A2 utile dans le theme etudes.,tache,Je place le mot 'tache' dans une phrase d'entrainement TCF.,A2,Etudes
sujet,Mot frequent du niveau A2 utile dans le theme etudes.,sujet,Je place le mot 'sujet' dans une phrase d'entrainement TCF.,A2,Etudes
production,Mot frequent du niveau A2 utile dans le theme etudes.,production,Je place le mot 'production' dans une phrase d'entrainement TCF.,A2,Etudes
deadline,Mot frequent du niveau A2 utile dans le theme etudes.,deadline,Je place le mot 'deadline' dans une phrase d'entrainement TCF.,A2,Etudes
adaptation,Mot frequent du niveau A2 utile dans le theme etudes.,adaptation,Je place le mot 'adaptation' dans une phrase d'entrainement TCF.,A2,Etudes
amelioration,Mot frequent du niveau A2 utile dans le theme etudes.,amelioration,Je place le mot 'amelioration' dans une phrase d'entrainement TCF.,A2,Etudes
performance,Mot frequent du niveau A2 utile dans le theme etudes.,performance,Je place le mot 'performance' dans une phrase d'entrainement TCF.,A2,Etudes
regularite,Mot frequent du niveau A2 utile dans le theme etudes.,regularite,Je place le mot 'regularite' dans une phrase d'entrainement TCF.,A2,Etudes
persistance,Mot frequent du niveau A2 utile dans le theme etudes.,persistance,Je place le mot 'persistance' dans une phrase d'entrainement TCF.,A2,Etudes
objectif-secondaire,Mot frequent du niveau A2 utile dans le theme etudes.,objectif-secondaire,Je place le mot 'objectif-secondaire' dans une phrase d'entrainement TCF.,A2,Etudes
mini-objectif,Mot frequent du niveau A2 utile dans le theme etudes.,mini-objectif,Je place le mot 'mini-objectif' dans une phrase d'entrainement TCF.,A2,Etudes
tableau,Mot frequent du niveau A2 utile dans le theme etudes.,tableau,Je place le mot 'tableau' dans une phrase d'entrainement TCF.,A2,Etudes
suivi,Mot frequent du niveau A2 utile dans le theme etudes.,suivi,Je place le mot 'suivi' dans une phrase d'entrainement TCF.,A2,Etudes
mesure,Mot frequent du niveau A2 utile dans le theme etudes.,mesure,Je place le mot 'mesure' dans une phrase d'entrainement TCF.,A2,Etudes
bilan,Mot frequent du niveau A2 utile dans le theme etudes.,bilan,Je place le mot 'bilan' dans une phrase d'entrainement TCF.,A2,Etudes
explication,Mot frequent du niveau A2 utile dans le theme etudes.,explication,Je place le mot 'explication' dans une phrase d'entrainement TCF.,A2,Etudes
correction-type,Mot frequent du niveau A2 utile dans le theme etudes.,correction-type,Je place le mot 'correction-type' dans une phrase d'entrainement TCF.,A2,Etudes
fiche,Mot frequent du niveau A2 utile dans le theme etudes.,fiche,Je place le mot 'fiche' dans une phrase d'entrainement TCF.,A2,Etudes
resumee,Mot frequent du niveau A2 utile dans le theme etudes.,resumee,Je place le mot 'resumee' dans une phrase d'entrainement TCF.,A2,Etudes
carte-mentale,Mot frequent du niveau A2 utile dans le theme etudes.,carte-mentale,Je place le mot 'carte-mentale' dans une phrase d'entrainement TCF.,A2,Etudes
prise-notes,Mot frequent du niveau A2 utile dans le theme etudes.,prise-notes,Je place le mot 'prise-notes' dans une phrase d'entrainement TCF.,A2,Etudes
methode-active,Mot frequent du niveau A2 utile dans le theme etudes.,methode-active,Je place le mot 'methode-active' dans une phrase d'entrainement TCF.,A2,Etudes
questionnement,Mot frequent du niveau A2 utile dans le theme etudes.,questionnement,Je place le mot 'questionnement' dans une phrase d'entrainement TCF.,A2,Etudes
verification,Mot frequent du niveau A2 utile dans le theme etudes.,verification,Je place le mot 'verification' dans une phrase d'entrainement TCF.,A2,Etudes
concours,Mot frequent du niveau A2 utile dans le theme etudes.,concours,Je place le mot 'concours' dans une phrase d'entrainement TCF.,A2,Etudes
inscription-tardive,Mot frequent du niveau A2 utile dans le theme etudes.,inscription-tardive,Je place le mot 'inscription-tardive' dans une phrase d'entrainement TCF.,A2,Etudes
centre-examen,Mot frequent du niveau A2 utile dans le theme etudes.,centre-examen,Je place le mot 'centre-examen' dans une phrase d'entrainement TCF.,A2,Etudes
candidat,Mot frequent du niveau A2 utile dans le theme etudes.,candidat,Je place le mot 'candidat' dans une phrase d'entrainement TCF.,A2,Etudes
identification,Mot frequent du niveau A2 utile dans le theme etudes.,identification,Je place le mot 'identification' dans une phrase d'entrainement TCF.,A2,Etudes
passeport,Mot frequent du niveau A2 utile dans le theme etudes.,passeport,Je place le mot 'passeport' dans une phrase d'entrainement TCF.,A2,Etudes
preuve,Mot frequent du niveau A2 utile dans le theme etudes.,preuve,Je place le mot 'preuve' dans une phrase d'entrainement TCF.,A2,Etudes
attendance,Mot frequent du niveau A2 utile dans le theme etudes.,attendance,Je place le mot 'attendance' dans une phrase d'entrainement TCF.,A2,Etudes
retard,Mot frequent du niveau A2 utile dans le theme etudes.,retard,Je place le mot 'retard' dans une phrase d'entrainement TCF.,A2,Etudes
absence,Mot frequent du niveau A2 utile dans le theme etudes.,absence,Je place le mot 'absence' dans une phrase d'entrainement TCF.,A2,Etudes
preparation-intense,Mot frequent du niveau A2 utile dans le theme etudes.,preparation-intense,Je place le mot 'preparation-intense' dans une phrase d'entrainement TCF.,A2,Etudes
preparation-progressive,Mot frequent du niveau A2 utile dans le theme etudes.,preparation-progressive,Je place le mot 'preparation-progressive' dans une phrase d'entrainement TCF.,A2,Etudes
blocage,Mot frequent du niveau A2 utile dans le theme etudes.,blocage,Je place le mot 'blocage' dans une phrase d'entrainement TCF.,A2,Etudes
stress,Mot frequent du niveau A2 utile dans le theme etudes.,stress,Je place le mot 'stress' dans une phrase d'entrainement TCF.,A2,Etudes
respiration,Mot frequent du niveau A2 utile dans le theme etudes.,respiration,Je place le mot 'respiration' dans une phrase d'entrainement TCF.,A2,Etudes
relaxation,Mot frequent du niveau A2 utile dans le theme etudes.,relaxation,Je place le mot 'relaxation' dans une phrase d'entrainement TCF.,A2,Etudes
pause-active,Mot frequent du niveau A2 utile dans le theme etudes.,pause-active,Je place le mot 'pause-active' dans une phrase d'entrainement TCF.,A2,Etudes
planning-hebdo,Mot frequent du niveau A2 utile dans le theme etudes.,planning-hebdo,Je place le mot 'planning-hebdo' dans une phrase d'entrainement TCF.,A2,Etudes
planning-quotidien,Mot frequent du niveau A2 utile dans le theme etudes.,planning-quotidien,Je place le mot 'planning-quotidien' dans une phrase d'entrainement TCF.,A2,Etudes
routine-habitude,Mot frequent du niveau A2 utile dans le theme etudes.,routine-habitude,Je place le mot 'routine-habitude' dans une phrase d'entrainement TCF.,A2,Etudes
collaboration,Mot frequent du niveau B1 utile dans le theme travail.,collaboration,Je place le mot 'collaboration' dans une phrase d'entrainement TCF.,B1,Travail
responsabilite,Mot frequent du niveau B1 utile dans le theme travail.,responsabilite,Je place le mot 'responsabilite' dans une phrase d'entrainement TCF.,B1,Travail
efficacite,Mot frequent du niveau B1 utile dans le theme travail.,efficacite,Je place le mot 'efficacite' dans une phrase d'entrainement TCF.,B1,Travail
productivite,Mot frequent du niveau B1 utile dans le theme travail.,productivite,Je place le mot 'productivite' dans une phrase d'entrainement TCF.,B1,Travail
flexibilite,Mot frequent du niveau B1 utile dans le theme travail.,flexibilite,Je place le mot 'flexibilite' dans une phrase d'entrainement TCF.,B1,Travail
coordination,Mot frequent du niveau B1 utile dans le theme travail.,coordination,Je place le mot 'coordination' dans une phrase d'entrainement TCF.,B1,Travail
gestion,Mot frequent du niveau B1 utile dans le theme travail.,gestion,Je place le mot 'gestion' dans une phrase d'entrainement TCF.,B1,Travail
priorisation,Mot frequent du niveau B1 utile dans le theme travail.,priorisation,Je place le mot 'priorisation' dans une phrase d'entrainement TCF.,B1,Travail
anticipation,Mot frequent du niveau B1 utile dans le theme travail.,anticipation,Je place le mot 'anticipation' dans une phrase d'entrainement TCF.,B1,Travail
mediation,Mot frequent du niveau B1 utile dans le theme travail.,mediation,Je place le mot 'mediation' dans une phrase d'entrainement TCF.,B1,Travail
communication,Mot frequent du niveau B1 utile dans le theme travail.,communication,Je place le mot 'communication' dans une phrase d'entrainement TCF.,B1,Travail
leadership,Mot frequent du niveau B1 utile dans le theme travail.,leadership,Je place le mot 'leadership' dans une phrase d'entrainement TCF.,B1,Travail
supervision,Mot frequent du niveau B1 utile dans le theme travail.,supervision,Je place le mot 'supervision' dans une phrase d'entrainement TCF.,B1,Travail
evaluation-interne,Mot frequent du niveau B1 utile dans le theme travail.,evaluation-interne,Je place le mot 'evaluation-interne' dans une phrase d'entrainement TCF.,B1,Travail
compte-rendu,Mot frequent du niveau B1 utile dans le theme travail.,compte-rendu,Je place le mot 'compte-rendu' dans une phrase d'entrainement TCF.,B1,Travail
rapport,Mot frequent du niveau B1 utile dans le theme travail.,rapport,Je place le mot 'rapport' dans une phrase d'entrainement TCF.,B1,Travail
professionnel,Mot frequent du niveau B1 utile dans le theme travail.,professionnel,Je place le mot 'professionnel' dans une phrase d'entrainement TCF.,B1,Travail
candidature,Mot frequent du niveau B1 utile dans le theme travail.,candidature,Je place le mot 'candidature' dans une phrase d'entrainement TCF.,B1,Travail
portfolio,Mot frequent du niveau B1 utile dans le theme travail.,portfolio,Je place le mot 'portfolio' dans une phrase d'entrainement TCF.,B1,Travail
experience-stage,Mot frequent du niveau B1 utile dans le theme travail.,experience-stage,Je place le mot 'experience-stage' dans une phrase d'entrainement TCF.,B1,Travail
competence-cle,Mot frequent du niveau B1 utile dans le theme travail.,competence-cle,Je place le mot 'competence-cle' dans une phrase d'entrainement TCF.,B1,Travail
objectif-projet,Mot frequent du niveau B1 utile dans le theme travail.,objectif-projet,Je place le mot 'objectif-projet' dans une phrase d'entrainement TCF.,B1,Travail
jalon,Mot frequent du niveau B1 utile dans le theme travail.,jalon,Je place le mot 'jalon' dans une phrase d'entrainement TCF.,B1,Travail
livrable,Mot frequent du niveau B1 utile dans le theme travail.,livrable,Je place le mot 'livrable' dans une phrase d'entrainement TCF.,B1,Travail
budget,Mot frequent du niveau B1 utile dans le theme travail.,budget,Je place le mot 'budget' dans une phrase d'entrainement TCF.,B1,Travail
contrainte,Mot frequent du niveau B1 utile dans le theme travail.,contrainte,Je place le mot 'contrainte' dans une phrase d'entrainement TCF.,B1,Travail
opportunite,Mot frequent du niveau B1 utile dans le theme travail.,opportunite,Je place le mot 'opportunite' dans une phrase d'entrainement TCF.,B1,Travail
amelioration-continue,Mot frequent du niveau B1 utile dans le theme travail.,amelioration-continue,Je place le mot 'amelioration-continue' dans une phrase d'entrainement TCF.,B1,Travail
methode-qualite,Mot frequent du niveau B1 utile dans le theme travail.,methode-qualite,Je place le mot 'methode-qualite' dans une phrase d'entrainement TCF.,B1,Travail
verification-formelle,Mot frequent du niveau B1 utile dans le theme travail.,verification-formelle,Je place le mot 'verification-formelle' dans une phrase d'entrainement TCF.,B1,Travail
protocole,Mot frequent du niveau B1 utile dans le theme travail.,protocole,Je place le mot 'protocole' dans une phrase d'entrainement TCF.,B1,Travail
indicateur,Mot frequent du niveau B1 utile dans le theme travail.,indicateur,Je place le mot 'indicateur' dans une phrase d'entrainement TCF.,B1,Travail
tableau-bord,Mot frequent du niveau B1 utile dans le theme travail.,tableau-bord,Je place le mot 'tableau-bord' dans une phrase d'entrainement TCF.,B1,Travail
suivi-projet,Mot frequent du niveau B1 utile dans le theme travail.,suivi-projet,Je place le mot 'suivi-projet' dans une phrase d'entrainement TCF.,B1,Travail
plan-action,Mot frequent du niveau B1 utile dans le theme travail.,plan-action,Je place le mot 'plan-action' dans une phrase d'entrainement TCF.,B1,Travail
orientation-carriere,Mot frequent du niveau B1 utile dans le theme travail.,orientation-carriere,Je place le mot 'orientation-carriere' dans une phrase d'entrainement TCF.,B1,Travail
insertion,Mot frequent du niveau B1 utile dans le theme travail.,insertion,Je place le mot 'insertion' dans une phrase d'entrainement TCF.,B1,Travail
reseau-professionnel,Mot frequent du niveau B1 utile dans le theme travail.,reseau-professionnel,Je place le mot 'reseau-professionnel' dans une phrase d'entrainement TCF.,B1,Travail
credibilite,Mot frequent du niveau B1 utile dans le theme travail.,credibilite,Je place le mot 'credibilite' dans une phrase d'entrainement TCF.,B1,Travail
argumentation-structure,Mot frequent du niveau B1 utile dans le theme travail.,argumentation-structure,Je place le mot 'argumentation-structure' dans une phrase d'entrainement TCF.,B1,Travail
positionnement,Mot frequent du niveau B1 utile dans le theme travail.,positionnement,Je place le mot 'positionnement' dans une phrase d'entrainement TCF.,B1,Travail
analyse-synthese,Mot frequent du niveau B1 utile dans le theme travail.,analyse-synthese,Je place le mot 'analyse-synthese' dans une phrase d'entrainement TCF.,B1,Travail
lecture-critique,Mot frequent du niveau B1 utile dans le theme travail.,lecture-critique,Je place le mot 'lecture-critique' dans une phrase d'entrainement TCF.,B1,Travail
nuance-opinion,Mot frequent du niveau B1 utile dans le theme travail.,nuance-opinion,Je place le mot 'nuance-opinion' dans une phrase d'entrainement TCF.,B1,Travail
concession,Mot frequent du niveau B1 utile dans le theme travail.,concession,Je place le mot 'concession' dans une phrase d'entrainement TCF.,B1,Travail
opposition,Mot frequent du niveau B1 utile dans le theme travail.,opposition,Je place le mot 'opposition' dans une phrase d'entrainement TCF.,B1,Travail
consequence,Mot frequent du niveau B1 utile dans le theme travail.,consequence,Je place le mot 'consequence' dans une phrase d'entrainement TCF.,B1,Travail
causalite,Mot frequent du niveau B1 utile dans le theme travail.,causalite,Je place le mot 'causalite' dans une phrase d'entrainement TCF.,B1,Travail
scenario,Mot frequent du niveau B1 utile dans le theme travail.,scenario,Je place le mot 'scenario' dans une phrase d'entrainement TCF.,B1,Travail
probabilite,Mot frequent du niveau B1 utile dans le theme travail.,probabilite,Je place le mot 'probabilite' dans une phrase d'entrainement TCF.,B1,Travail
condition,Mot frequent du niveau B1 utile dans le theme travail.,condition,Je place le mot 'condition' dans une phrase d'entrainement TCF.,B1,Travail
global,Mot frequent du niveau B1 utile dans le theme travail.,global,Je place le mot 'global' dans une phrase d'entrainement TCF.,B1,Travail
local,Mot frequent du niveau B1 utile dans le theme travail.,local,Je place le mot 'local' dans une phrase d'entrainement TCF.,B1,Travail
soutenable,Mot frequent du niveau B1 utile dans le theme travail.,soutenable,Je place le mot 'soutenable' dans une phrase d'entrainement TCF.,B1,Travail
comparaison,Mot frequent du niveau B1 utile dans le theme travail.,comparaison,Je place le mot 'comparaison' dans une phrase d'entrainement TCF.,B1,Travail
distinction,Mot frequent du niveau B1 utile dans le theme travail.,distinction,Je place le mot 'distinction' dans une phrase d'entrainement TCF.,B1,Travail
priorite-sociale,Mot frequent du niveau B1 utile dans le theme travail.,priorite-sociale,Je place le mot 'priorite-sociale' dans une phrase d'entrainement TCF.,B1,Travail
inclusion,Mot frequent du niveau B1 utile dans le theme travail.,inclusion,Je place le mot 'inclusion' dans une phrase d'entrainement TCF.,B1,Travail
equite,Mot frequent du niveau B1 utile dans le theme travail.,equite,Je place le mot 'equite' dans une phrase d'entrainement TCF.,B1,Travail
accessibilite,Mot frequent du niveau B1 utile dans le theme travail.,accessibilite,Je place le mot 'accessibilite' dans une phrase d'entrainement TCF.,B1,Travail
citoyennete,Mot frequent du niveau B1 utile dans le theme travail.,citoyennete,Je place le mot 'citoyennete' dans une phrase d'entrainement TCF.,B1,Travail
engagement,Mot frequent du niveau B1 utile dans le theme travail.,engagement,Je place le mot 'engagement' dans une phrase d'entrainement TCF.,B1,Travail
implication-collective,Mot frequent du niveau B1 utile dans le theme travail.,implication-collective,Je place le mot 'implication-collective' dans une phrase d'entrainement TCF.,B1,Travail
benefice,Mot frequent du niveau B1 utile dans le theme travail.,benefice,Je place le mot 'benefice' dans une phrase d'entrainement TCF.,B1,Travail
limite,Mot frequent du niveau B1 utile dans le theme travail.,limite,Je place le mot 'limite' dans une phrase d'entrainement TCF.,B1,Travail
avantage-comptitif,Mot frequent du niveau B1 utile dans le theme travail.,avantage-comptitif,Je place le mot 'avantage-comptitif' dans une phrase d'entrainement TCF.,B1,Travail
vision-strategique,Mot frequent du niveau B1 utile dans le theme travail.,vision-strategique,Je place le mot 'vision-strategique' dans une phrase d'entrainement TCF.,B1,Travail
decision-eclairee,Mot frequent du niveau B1 utile dans le theme travail.,decision-eclairee,Je place le mot 'decision-eclairee' dans une phrase d'entrainement TCF.,B1,Travail
jugement,Mot frequent du niveau B1 utile dans le theme travail.,jugement,Je place le mot 'jugement' dans une phrase d'entrainement TCF.,B1,Travail
critique,Mot frequent du niveau B1 utile dans le theme travail.,critique,Je place le mot 'critique' dans une phrase d'entrainement TCF.,B1,Travail
observation,Mot frequent du niveau B1 utile dans le theme travail.,observation,Je place le mot 'observation' dans une phrase d'entrainement TCF.,B1,Travail
adaptabilite,Mot frequent du niveau B1 utile dans le theme travail.,adaptabilite,Je place le mot 'adaptabilite' dans une phrase d'entrainement TCF.,B1,Travail
transparence,Mot frequent du niveau B1 utile dans le theme travail.,transparence,Je place le mot 'transparence' dans une phrase d'entrainement TCF.,B1,Travail
coherente,Mot frequent du niveau B1 utile dans le theme travail.,coherente,Je place le mot 'coherente' dans une phrase d'entrainement TCF.,B1,Travail
dialectique,Mot frequent du niveau B2 utile dans le theme expression.,dialectique,Je place le mot 'dialectique' dans une phrase d'entrainement TCF.,B2,Expression
faisabilite,Mot frequent du niveau B2 utile dans le theme expression.,faisabilite,Je place le mot 'faisabilite' dans une phrase d'entrainement TCF.,B2,Expression
viabilite,Mot frequent du niveau B2 utile dans le theme expression.,viabilite,Je place le mot 'viabilite' dans une phrase d'entrainement TCF.,B2,Expression
responsabilisation,Mot frequent du niveau B2 utile dans le theme expression.,responsabilisation,Je place le mot 'responsabilisation' dans une phrase d'entrainement TCF.,B2,Expression
responsabilite-partagee,Mot frequent du niveau B2 utile dans le theme expression.,responsabilite-partagee,Je place le mot 'responsabilite-partagee' dans une phrase d'entrainement TCF.,B2,Expression
transversalite,Mot frequent du niveau B2 utile dans le theme expression.,transversalite,Je place le mot 'transversalite' dans une phrase d'entrainement TCF.,B2,Expression
interdisciplinarite,Mot frequent du niveau B2 utile dans le theme expression.,interdisciplinarite,Je place le mot 'interdisciplinarite' dans une phrase d'entrainement TCF.,B2,Expression
rationalisation,Mot frequent du niveau B2 utile dans le theme expression.,rationalisation,Je place le mot 'rationalisation' dans une phrase d'entrainement TCF.,B2,Expression
contextualisation,Mot frequent du niveau B2 utile dans le theme expression.,contextualisation,Je place le mot 'contextualisation' dans une phrase d'entrainement TCF.,B2,Expression
conceptualisation,Mot frequent du niveau B2 utile dans le theme expression.,conceptualisation,Je place le mot 'conceptualisation' dans une phrase d'entrainement TCF.,B2,Expression
operationalisation,Mot frequent du niveau B2 utile dans le theme expression.,operationalisation,Je place le mot 'operationalisation' dans une phrase d'entrainement TCF.,B2,Expression
standardisation,Mot frequent du niveau B2 utile dans le theme expression.,standardisation,Je place le mot 'standardisation' dans une phrase d'entrainement TCF.,B2,Expression
harmonisation,Mot frequent du niveau B2 utile dans le theme expression.,harmonisation,Je place le mot 'harmonisation' dans une phrase d'entrainement TCF.,B2,Expression
mutualisation,Mot frequent du niveau B2 utile dans le theme expression.,mutualisation,Je place le mot 'mutualisation' dans une phrase d'entrainement TCF.,B2,Expression
priorisation-avancee,Mot frequent du niveau B2 utile dans le theme expression.,priorisation-avancee,Je place le mot 'priorisation-avancee' dans une phrase d'entrainement TCF.,B2,Expression
contre-argument,Mot frequent du niveau B2 utile dans le theme expression.,contre-argument,Je place le mot 'contre-argument' dans une phrase d'entrainement TCF.,B2,Expression
contre-exemple,Mot frequent du niveau B2 utile dans le theme expression.,contre-exemple,Je place le mot 'contre-exemple' dans une phrase d'entrainement TCF.,B2,Expression
antithese,Mot frequent du niveau B2 utile dans le theme expression.,antithese,Je place le mot 'antithese' dans une phrase d'entrainement TCF.,B2,Expression
argumentative,Mot frequent du niveau B2 utile dans le theme expression.,argumentative,Je place le mot 'argumentative' dans une phrase d'entrainement TCF.,B2,Expression
concession-partielle,Mot frequent du niveau B2 utile dans le theme expression.,concession-partielle,Je place le mot 'concession-partielle' dans une phrase d'entrainement TCF.,B2,Expression
nuance-fine,Mot frequent du niveau B2 utile dans le theme expression.,nuance-fine,Je place le mot 'nuance-fine' dans une phrase d'entrainement TCF.,B2,Expression
implicite,Mot frequent du niveau B2 utile dans le theme expression.,implicite,Je place le mot 'implicite' dans une phrase d'entrainement TCF.,B2,Expression
inferentiel,Mot frequent du niveau B2 utile dans le theme expression.,inferentiel,Je place le mot 'inferentiel' dans une phrase d'entrainement TCF.,B2,Expression
demonstratif,Mot frequent du niveau B2 utile dans le theme expression.,demonstratif,Je place le mot 'demonstratif' dans une phrase d'entrainement TCF.,B2,Expression
justification-logique,Mot frequent du niveau B2 utile dans le theme expression.,justification-logique,Je place le mot 'justification-logique' dans une phrase d'entrainement TCF.,B2,Expression
articulation-textuelle,Mot frequent du niveau B2 utile dans le theme expression.,articulation-textuelle,Je place le mot 'articulation-textuelle' dans une phrase d'entrainement TCF.,B2,Expression
fluidite-discursive,Mot frequent du niveau B2 utile dans le theme expression.,fluidite-discursive,Je place le mot 'fluidite-discursive' dans une phrase d'entrainement TCF.,B2,Expression
densite-lexicale,Mot frequent du niveau B2 utile dans le theme expression.,densite-lexicale,Je place le mot 'densite-lexicale' dans une phrase d'entrainement TCF.,B2,Expression
precision-terminologique,Mot frequent du niveau B2 utile dans le theme expression.,precision-terminologique,Je place le mot 'precision-terminologique' dans une phrase d'entrainement TCF.,B2,Expression
coherence-globale,Mot frequent du niveau B2 utile dans le theme expression.,coherence-globale,Je place le mot 'coherence-globale' dans une phrase d'entrainement TCF.,B2,Expression
cohesion-thematique,Mot frequent du niveau B2 utile dans le theme expression.,cohesion-thematique,Je place le mot 'cohesion-thematique' dans une phrase d'entrainement TCF.,B2,Expression
structuration-hierarchique,Mot frequent du niveau B2 utile dans le theme expression.,structuration-hierarchique,Je place le mot 'structuration-hierarchique' dans une phrase d'entrainement TCF.,B2,Expression
progression-logique,Mot frequent du niveau B2 utile dans le theme expression.,progression-logique,Je place le mot 'progression-logique' dans une phrase d'entrainement TCF.,B2,Expression
ancrage-contextuel,Mot frequent du niveau B2 utile dans le theme expression.,ancrage-contextuel,Je place le mot 'ancrage-contextuel' dans une phrase d'entrainement TCF.,B2,Expression
validite,Mot frequent du niveau B2 utile dans le theme expression.,validite,Je place le mot 'validite' dans une phrase d'entrainement TCF.,B2,Expression
fiabilite-metrique,Mot frequent du niveau B2 utile dans le theme expression.,fiabilite-metrique,Je place le mot 'fiabilite-metrique' dans une phrase d'entrainement TCF.,B2,Expression
comparabilite,Mot frequent du niveau B2 utile dans le theme expression.,comparabilite,Je place le mot 'comparabilite' dans une phrase d'entrainement TCF.,B2,Expression
objectivation,Mot frequent du niveau B2 utile dans le theme expression.,objectivation,Je place le mot 'objectivation' dans une phrase d'entrainement TCF.,B2,Expression
subjectivite,Mot frequent du niveau B2 utile dans le theme expression.,subjectivite,Je place le mot 'subjectivite' dans une phrase d'entrainement TCF.,B2,Expression
mesure-qualitative,Mot frequent du niveau B2 utile dans le theme expression.,mesure-qualitative,Je place le mot 'mesure-qualitative' dans une phrase d'entrainement TCF.,B2,Expression
mesure-quantitative,Mot frequent du niveau B2 utile dans le theme expression.,mesure-quantitative,Je place le mot 'mesure-quantitative' dans une phrase d'entrainement TCF.,B2,Expression
interpretation-critique,Mot frequent du niveau B2 utile dans le theme expression.,interpretation-critique,Je place le mot 'interpretation-critique' dans une phrase d'entrainement TCF.,B2,Expression
limites-methodologiques,Mot frequent du niveau B2 utile dans le theme expression.,limites-methodologiques,Je place le mot 'limites-methodologiques' dans une phrase d'entrainement TCF.,B2,Expression
biais-echantillonnage,Mot frequent du niveau B2 utile dans le theme expression.,biais-echantillonnage,Je place le mot 'biais-echantillonnage' dans une phrase d'entrainement TCF.,B2,Expression
representativite,Mot frequent du niveau B2 utile dans le theme expression.,representativite,Je place le mot 'representativite' dans une phrase d'entrainement TCF.,B2,Expression
robustesse,Mot frequent du niveau B2 utile dans le theme expression.,robustesse,Je place le mot 'robustesse' dans une phrase d'entrainement TCF.,B2,Expression
reproductibilite,Mot frequent du niveau B2 utile dans le theme expression.,reproductibilite,Je place le mot 'reproductibilite' dans une phrase d'entrainement TCF.,B2,Expression
causalite-inversee,Mot frequent du niveau B2 utile dans le theme expression.,causalite-inversee,Je place le mot 'causalite-inversee' dans une phrase d'entrainement TCF.,B2,Expression
correlat,Mot frequent du niveau B2 utile dans le theme expression.,correlat,Je place le mot 'correlat' dans une phrase d'entrainement TCF.,B2,Expression
convergence,Mot frequent du niveau B2 utile dans le theme expression.,convergence,Je place le mot 'convergence' dans une phrase d'entrainement TCF.,B2,Expression
divergence,Mot frequent du niveau B2 utile dans le theme expression.,divergence,Je place le mot 'divergence' dans une phrase d'entrainement TCF.,B2,Expression
arbitrage,Mot frequent du niveau B2 utile dans le theme expression.,arbitrage,Je place le mot 'arbitrage' dans une phrase d'entrainement TCF.,B2,Expression
compromis,Mot frequent du niveau B2 utile dans le theme expression.,compromis,Je place le mot 'compromis' dans une phrase d'entrainement TCF.,B2,Expression
optimisation,Mot frequent du niveau B2 utile dans le theme expression.,optimisation,Je place le mot 'optimisation' dans une phrase d'entrainement TCF.,B2,Expression
allocation,Mot frequent du niveau B2 utile dans le theme expression.,allocation,Je place le mot 'allocation' dans une phrase d'entrainement TCF.,B2,Expression
efficience,Mot frequent du niveau B2 utile dans le theme expression.,efficience,Je place le mot 'efficience' dans une phrase d'entrainement TCF.,B2,Expression
gouvernance,Mot frequent du niveau B2 utile dans le theme expression.,gouvernance,Je place le mot 'gouvernance' dans une phrase d'entrainement TCF.,B2,Expression
compliance,Mot frequent du niveau B2 utile dans le theme expression.,compliance,Je place le mot 'compliance' dans une phrase d'entrainement TCF.,B2,Expression
deontologie,Mot frequent du niveau B2 utile dans le theme expression.,deontologie,Je place le mot 'deontologie' dans une phrase d'entrainement TCF.,B2,Expression
ethique-professionnelle,Mot frequent du niveau B2 utile dans le theme expression.,ethique-professionnelle,Je place le mot 'ethique-professionnelle' dans une phrase d'entrainement TCF.,B2,Expression
integrite,Mot frequent du niveau B2 utile dans le theme expression.,integrite,Je place le mot 'integrite' dans une phrase d'entrainement TCF.,B2,Expression
reformulation-avancee,Mot frequent du niveau B2 utile dans le theme expression.,reformulation-avancee,Je place le mot 'reformulation-avancee' dans une phrase d'entrainement TCF.,B2,Expression
paraphrase,Mot frequent du niveau B2 utile dans le theme expression.,paraphrase,Je place le mot 'paraphrase' dans une phrase d'entrainement TCF.,B2,Expression
distanciation,Mot frequent du niveau B2 utile dans le theme expression.,distanciation,Je place le mot 'distanciation' dans une phrase d'entrainement TCF.,B2,Expression
argument-massue,Mot frequent du niveau B2 utile dans le theme expression.,argument-massue,Je place le mot 'argument-massue' dans une phrase d'entrainement TCF.,B2,Expression
raisonnement-inductif,Mot frequent du niveau B2 utile dans le theme expression.,raisonnement-inductif,Je place le mot 'raisonnement-inductif' dans une phrase d'entrainement TCF.,B2,Expression
raisonnement-deductif,Mot frequent du niveau B2 utile dans le theme expression.,raisonnement-deductif,Je place le mot 'raisonnement-deductif' dans une phrase d'entrainement TCF.,B2,Expression
analogie,Mot frequent du niveau B2 utile dans le theme expression.,analogie,Je place le mot 'analogie' dans une phrase d'entrainement TCF.,B2,Expression
contrepoint,Mot frequent du niveau B2 utile dans le theme expression.,contrepoint,Je place le mot 'contrepoint' dans une phrase d'entrainement TCF.,B2,Expression
modalisation,Mot frequent du niveau B2 utile dans le theme expression.,modalisation,Je place le mot 'modalisation' dans une phrase d'entrainement TCF.,B2,Expression
attenuation,Mot frequent du niveau B2 utile dans le theme expression.,attenuation,Je place le mot 'attenuation' dans une phrase d'entrainement TCF.,B2,Expression
renforcement,Mot frequent du niveau B2 utile dans le theme expression.,renforcement,Je place le mot 'renforcement' dans une phrase d'entrainement TCF.,B2,Expression
emphase,Mot frequent du niveau B2 utile dans le theme expression.,emphase,Je place le mot 'emphase' dans une phrase d'entrainement TCF.,B2,Expression
focalisation,Mot frequent du niveau B2 utile dans le theme expression.,focalisation,Je place le mot 'focalisation' dans une phrase d'entrainement TCF.,B2,Expression
hierarchisation,Mot frequent du niveau B2 utile dans le theme expression.,hierarchisation,Je place le mot 'hierarchisation' dans une phrase d'entrainement TCF.,B2,Expression
gradation,Mot frequent du niveau B2 utile dans le theme expression.,gradation,Je place le mot 'gradation' dans une phrase d'entrainement TCF.,B2,Expression
concession-rhetorique,Mot frequent du niveau B2 utile dans le theme expression.,concession-rhetorique,Je place le mot 'concession-rhetorique' dans une phrase d'entrainement TCF.,B2,Expression
implication-pragmatique,Mot frequent du niveau B2 utile dans le theme expression.,implication-pragmatique,Je place le mot 'implication-pragmatique' dans une phrase d'entrainement TCF.,B2,Expression
